valuationdate,revenues,ebit,depreciation,capex,ncwc,bv,y
30/06/2011,86470.7,10387.5,6429.0,3512.0,16848.9,47945.1,91760.8
31/12/2010,84754.2,14031.1808,8658.6,17172.5,12095.1,66804.4,184461.7
30/09/2016,15653.48,221.3474516,647.239,749.478,1468.428,10128.726,23323.6852
30/09/2018,62001.3297,7551.761957,1808.83,2702.85,11873.25464,27144.93,130202.7924
30/09/2014,1242.83,497.1415008,232.027,1552.908,149.971,1463.052,11472.12267
31/03/2017,193930.799,48947.873,12210.142,20295.273,19125.696,249584.55,1559222.962
30/06/2012,219731.6,76841.74976,14281.8,32758.1,46280.6,191339.1,479831.9
31/12/2012,21193.9,3962.15466,824.9,1021.5,3864.0,7917.5,11524.8
31/12/2019,63918.9,17967.62,3715.24,1761.299,13819.132,20418.708,173655.3035
31/03/2017,4853.356,656.749,444.808,755.501,1077.987,4666.925,11089.98058
31/03/2012,37295.7,3121.68241,640.2,970.1,11652.3,15607.4,53021.7
31/12/2012,45759.2,6491.6,3626.3,5882.9,6876.2,29208.7,60611.6
30/09/2016,55888.742,5830.526271,1505.242,2177.768,11724.539,26309.34,125190.7821
30/09/2016,212452.7,36648.54562,1153.76,290.072,28088.504,194152.5,284686.618
31/12/2014,74400.593,8930.773162,766.51,2770.796,17470.187,69673.084,803889.819
30/09/2012,46312.5,1411.6615,384.2,295.7,4545.2,7293.3,15612.8
30/06/2016,158798.107,84304.14441,37163.576,5294.823,89531.527,416128.284,1815062.363
31/03/2020,54669.32,22845.169,401.195,959.086,7162.206,443.721,263256.2404
30/06/2012,16483.2,2028.0,942.0,413.0,1314.7,7328.2,25900.7
31/03/2018,79465.01634,10783.40272,4943.16,15675.96,5316.209593,20813.5,103304.5212
31/12/2014,420661.531,38067.60322,588.262,10480.092,116933.642,131032.679,662015.0696
31/12/2009,286804.3,28935.62451,6389.1,7746.7,24536.4,66808.8,256706.7
30/09/2019,213560.8,35194.149,3275.578,2557.672,-110740.709,147748.464,317150.7879
31/03/2011,764384.3,44617.34924,15882.6,20491.6,33963.6,145277.0,450771.0
31/12/2014,428386.135,27384.44328,220.396,30807.92,9523.962,394194.033,1266426.04
30/06/2010,486589.2,49125.14676,11274.3,9731.9,83470.52309,188977.4,611261.013
30/06/2014,141736.338,19657.65407,535.437,4293.219,32523.232,72638.034,254714.1015
30/09/2015,147122.7,18873.13766,438.814,3329.025,53793.532,195035.2,233034.6328
31/12/2010,18418.4,3646.4015,652.7,894.4,1861.112018,8744.8,28090.0
31/03/2020,231981.887,63031.974,17980.712,29603.99,40447.005,214763.987,1660777.952
30/06/2014,140733.8,17207.65842,3155.8,2474.1,10081.23,27828.4,244478.4786
31/03/2010,58204.9,5786.05018,3985.5,7396.4,6842.249303,45349.4,122183.9
30/09/2015,146427.226,35899.45341,4740.871,6447.428,17655.642,99980.86,417725.448
31/12/2014,370484.401,68813.72961,1126.171,16129.014,18435.759,202554.288,906316.2467
30/06/2016,133136.554,27830.97863,6460.683,8260.091,52.647,30780.942,398078.2965
31/12/2014,145821.693,11647.43385,382.149,5543.234,13700.401,31674.747,121020.9506
30/06/2009,262487.6,66874.33126,25612.5,72512.1,16009.4,185677.9,403268.68
31/12/2020,147629.678,14175.076,6065.653,7696.146,25437.699,65499.642,334430.0931
31/12/2010,94645.0,18817.7,16697.1,28233.9,5291.9,119764.4,290142.2
30/09/2017,1210173.823,74729.235,8792.827,8468.682,-74437.505,179507.744,755150.7349
30/09/2016,9542.384,411.6748477,306.962,292.427,1721.903,3769.096,11832.55616
31/12/2019,491966.611,75775.939,21865.364,17272.532,-39990.337,157797.126,1587370.008
30/09/2016,239094.146,29993.91773,6311.925,8387.362,15498.763,147442.556,569044.0675
30/09/2018,1919.133415,839.0451293,654.8,453.61,123.2083653,3356.599,17080.2874
30/09/2020,123734.87,21763.69,6617.15,959.053,-19103.659,118899.15,244097.1745
30/06/2010,40385.3,3990.04457,1588.2,2617.9,15169.02667,26685.6,59562.0
30/06/2013,26308.667,2026.633265,41.207,728.809,2930.061,3637.199,30883.07044
30/09/2018,1307184.748,79215.39573,9504.87,10753.26,-67973.60689,192493.744,823526.3912
31/12/2017,162255.576,56693.433,25137.685,19966.157,-1820.846,115636.6,557729.8275
30/09/2020,173308.712,43906.786,13895.218,5327.395,11768.211,190343.562,1827305.219
30/06/2011,407385.9,26387.44805,6049.5,4765.1,58322.6,108148.6,299220.3
30/09/2020,225018.2,37660.878,3909.32,2393.651,-118819.899,163443.6,324975.0353
30/09/2010,80398.4,9082.77206,3157.1,2724.8,22782.28112,52338.8,164672.9
30/09/2014,108154.179,39098.49604,8805.054,8591.766,6725.746,69794.542,374062.1511
31/03/2017,84287.3,23500.8,16102.84,11684.71,2593.677,45730.7,181636.3199
31/03/2013,142832.876,30840.16545,901.425,15085.08,32563.965,124199.993,399363.6841
30/09/2011,163928.4,29050.27049,9562.4,7590.7,29269.4,139694.1,310105.2
30/06/2018,122055.0379,15769.51089,5197.67,7029.01,13047.68355,32653.466,163553.7507
30/06/2011,246480.0,63448.71002,33503.3,64429.4,22368.0,254303.0,541363.7
31/12/2017,77747.168,5488.227,1310.01,3528.23,8709.552,17146.963,76098.92982
30/06/2020,14055.889,6023.412,2973.96,1826.936,1685.704,26842.823,67701.83394
31/12/2017,295034.827,24889.751,8553.28,5808.591,37317.962,61052.931,394691.9614
31/03/2009,80232.0,4236.4,1160.2,2352.5,12084.0,14472.2,54386.7
31/12/2010,19723.4,1840.82794,888.7,961.6,5085.13454,14966.7,76662.2
31/03/2020,86696.32,2839.406,6394.49,-694.661,5264.53,45429.66,236614.6458
31/12/2015,138749.648,45095.33016,16780.296,16727.522,13120.956,63377.528,425550.0151
31/12/2014,27585.27,4959.220566,3518.445,3806.22,1532.409,19112.379,48672.76489
30/06/2020,226879.413,11173.847,5034.797,5191.5,-450.084,16301.247,87976.56102
30/09/2020,225939.7,35562.76,3038.728,366.857,3042.147,263427.0,296121.9079
31/03/2017,222825.57,44618.939,14099.82,13111.478,28421.566,190315.943,1620337.142
30/06/2014,34462.787,5040.817411,1106.583,2380.899,7019.851,12055.95,71475.47318
30/06/2010,22084.8,4673.50913,2226.0,4967.7,3933.041096,17762.2,86443.7
31/12/2012,886528.5,51459.05238,44742.2,45221.6,307217.6,336860.5,717792.2
31/12/2015,26412.45,4722.624833,4394.663,3174.67,1506.443,19688.758,35768.76482
30/09/2013,226252.2,43521.49583,485.023,91.535,29942.541,180539.3,300433.6095
31/03/2015,80433.655,21047.60572,13039.202,14706.499,2143.723,45505.963,164035.7652
31/12/2014,161956.8,46131.23657,6771.026,15095.943,6671.976,9945.644,288355.5903
31/03/2013,80900.045,21403.82687,12375.401,14132.514,6149.289,32577.834,225358.7998
31/03/2019,361876.695,121403.983,56424.024,44525.522,8160.007,272933.737,1030357.113
30/09/2012,241733.9,149460.8711,7386.4,16312.0,324167.9,373513.7,1970681.4
31/12/2017,48548.239,14438.979,2741.664,1300.387,11144.823,10963.497,137568.5288
30/09/2013,13837.731,2298.407678,46.306,810.824,3586.082,10688.986,45166.60328
31/12/2013,14620.194,3026.130122,23.787,740.658,4342.112,18098.441,68611.51059
31/03/2018,18439.2732,888.7729681,924.98,1028.12,3014.821168,6105.58,13276.2767
31/03/2015,65249.069,8778.486744,2326.817,12545.344,3198.808,12288.512,92431.8433
31/12/2020,194469.2,64737.23,27185.58,21282.893,-2621.184,144159.3,749153.1756
31/03/2014,39254.5,4451.474554,1.0,222.655,8393.407,14579.113,98497.17364
31/12/2011,181671.3,34753.8,18559.9,37319.2,24860.0,157919.6,456515.5
31/12/2011,43531.3,4470.79317,1803.1,977.0,1229.7,22632.7,49560.7
30/09/2013,55267.361,9242.863938,826.603,2186.871,14049.367,43962.109,199883.2074
30/06/2020,168387.48,11967.75,2061.493,3048.2,18440.115,17842.51,208037.9119
31/12/2014,14742.882,3394.961621,45.128,1072.431,3260.527,15340.311,67838.76222
30/06/2011,61297.6,11308.33384,6011.3,16844.8,2563.8,51076.9,217986.8
30/06/2020,42659.576,8181.181,3508.528,3829.141,6098.355,26123.174,127816.1357
31/03/2010,120224.0,11768.54512,17076.4,11761.6,61917.80461,125385.2,376432.0
30/06/2010,53971.0,11788.21244,10919.9,28651.5,4442.4,72279.4,216116.0
31/03/2013,99089.821,9042.948811,1443.856,7470.897,19784.968,27071.549,152363.8892
30/06/2015,39436.96,2833.275328,1847.115,2133.503,6187.853,11291.819,50078.63671
31/12/2017,23004.664,5595.699,631.175,1902.964,3797.995,19371.551,116129.4609
30/09/2018,17111.37318,1781.293948,719.19,835.44,1990.0527,10439.711,36960.56606
30/06/2018,37464.75845,4064.926292,1311.55,550.67,4465.799207,13889.279,53949.25217
30/06/2011,36573.2,4426.86008,2083.0,1575.7,3797.7,12666.4,41928.5
30/09/2018,102780.3478,10791.93652,467.05,673.81,75954.677,43340.8,101752.5443
31/03/2009,286119.6,15103.09978,8579.2,9993.7,37560.7,63437.6,191017.903
30/06/2013,263105.897,124446.2075,62447.316,138935.01,5781.78,299696.985,1604465.12
31/03/2013,551321.108,21818.54431,2650.86,14288.579,55777.901,123647.627,613570.268
31/12/2015,63182.714,7793.691112,139.902,2177.897,17577.56,27328.607,124714.4432
30/06/2010,17230.3,1440.92764,1090.7,478.4,798.258506,7450.5,25982.4
31/03/2018,431466.7099,28994.56291,9152.67,9648.03,34042.72341,70708.208,409893.3744
31/03/2015,149319.047,35132.69575,1414.96,11082.662,30793.212,136021.81,470288.7295
31/03/2011,135765.5,11032.05324,3517.8,2753.3,10325.7,41772.1,141724.1
31/12/2016,112679.149,12882.61461,4312.082,2948.09,17871.568,35735.573,206202.8427
30/06/2009,97979.2,3952.48004,7318.9,5527.7,19930.4,36375.4,114245.8
30/09/2020,68251.775,7981.882,2273.793,2584.472,14329.913,29468.263,249498.3696
30/06/2013,492.401,192.6536288,12.85,194.695,139.981,2322.456,5922.185234
31/03/2011,30373.2,3295.4,784.5,895.6,5760.9,6163.4,45063.6
31/03/2014,130615.896,23461.59664,1572.717,4844.001,22078.863,131697.404,398556.8761
30/09/2009,9851.0,1176.25551,676.0,397.4,2373.4,5549.7,29043.7
30/06/2015,833660.7,47530.71751,4907.96,21000.7,32870.228,134451.7,537540.8088
31/12/2019,11853.788,2092.556,1229.135,939.463,703.63,5050.92,7309.254421
31/12/2020,290390.126,-8691.967,15629.38,29748.7,-20150.578,90672.11,1040421.44
30/06/2018,181177.5093,95806.6669,41426.53,6353.71,111605.3457,479706.87,1927728.699
31/12/2019,417640.786,40377.831,12700.023,11654.579,156505.144,96309.67,946445.7944
30/09/2015,240923.712,29598.56656,747.363,8449.1,20982.409,94013.548,536067.427
31/03/2012,6879.9,1803.5,872.2,2078.9,1117.0,8721.0,29969.2
30/09/2018,225186.0896,43821.21303,1339.16,389.08,38506.82132,212389.04,301749.36
31/03/2017,47586.032,22437.886,5027.91,8305.464,1345.188,51061.5,256764.5454
30/06/2009,243127.5,47360.25597,14496.7,33881.0,51940.9,149647.3,406860.0
30/09/2013,73043.179,8416.581908,158.262,2508.94,14373.622,33964.804,154749.991
31/12/2009,140495.0,21426.60738,5533.6,6407.1,16193.9,50444.1,322711.369
31/03/2015,131652.918,24238.97058,1638.732,4963.11,24390.296,132965.869,365170.593
31/03/2016,18461.4,1218.255008,835.064,1233.913,2489.892,5083.62,16246.032
30/09/2019,128787.185,5630.823,2091.535,2289.025,22843.521,37507.022,90476.57421
30/09/2012,42309.3,6197.52384,3191.0,3326.2,2684.0,24773.5,79232.1
31/03/2019,310423.031,71050.2,21672.247,20225.622,40601.492,217273.103,2721154.357
30/06/2014,22425.834,2539.097261,910.294,893.269,1492.902,6802.441,55583.88285
31/03/2017,64216.367,8259.759,4350.997,11143.792,4906.417,16201.852,114827.9912
31/03/2019,196135.4,32315.41,7263.46,13849.617,14488.685,34389.2,264409.7025
30/06/2018,20228.86434,4509.013861,58.9,70.3,-123.3960725,16298.1,21038.01891
31/12/2012,296844.7,30387.03331,7099.0,11006.8,47994.1,80144.5,278168.7
31/12/2020,76296.877,2685.276,2014.391,2831.591,10560.425,23728.984,121876.2273
31/03/2014,11980.505,2448.948945,35.484,256.662,3125.625,17020.116,34274.78361
30/09/2014,149321.049,35573.7832,5194.413,5902.89,16545.402,105364.963,464404.2503
30/09/2015,108400.472,4771.096953,407.123,1587.424,16256.064,30795.64,54725.08472
30/06/2017,148028.149,13576.772,1389.729,6418.857,25398.097,36230.572,201907.1576
30/06/2013,32562.461,4590.021946,1030.561,1905.497,6312.19,13167.33,74196.48448
31/12/2013,312313.634,-1932.463699,10.93,16809.487,-6264.627,54164.748,281296.9969
31/03/2016,163192.8,36824.59966,8006.293,12212.714,31261.925,163549.752,652771.2
31/03/2017,186845.351,48154.881,9734.175,21350.205,33274.454,170176.911,813144.8902
30/06/2009,22673.0,4646.77665,2287.4,4165.1,1581.1,13782.3,76227.1
31/12/2012,51186.1,2202.9756,3257.1,1686.9,8852.2,30413.3,78917.0
31/03/2016,160568.868,37339.92548,10799.871,15823.86,15972.587,218295.418,1085445.548
30/09/2020,161665.783,10859.484,3142.68,4949.447,21015.937,43869.995,218510.0938
31/03/2020,14925.01,-575.023,923.815,839.544,2033.856,6045.36,11053.9544
30/06/2014,845029.1,48879.4276,5181.05,21029.87,37370.908,131535.9,646358.716
30/09/2016,81629.718,8221.580641,387.608,337.337,59040.129,38375.24,96323.06724
30/06/2019,159954.932,21420.987,5345.563,4639.575,37423.307,76838.349,412944.5791
31/03/2013,23789.16,2312.028423,0.288,1276.336,2781.17,1405.83,12939.18048
30/06/2016,170370.41,5942.564145,3549.22,5946.6,1016.523,13564.12,90296.3173
31/12/2014,42199.0,12821.44467,2628.8,1276.88,9629.914,25954.13,145720.9659
30/09/2015,65021.839,6297.08758,150.12,3843.596,13181.644,29980.018,116644.5474
30/09/2020,117723.3,13998.83,703.111,865.664,77810.825,60114.196,142350.476
30/09/2020,3925.923,1984.495,1099.251,1401.05,-6212.609,6638.646,51636.67716
31/12/2016,27976.788,2977.800449,1481.643,2021.8,5748.647,10113.498,47001.00384
31/03/2016,78572.75,21232.92258,15480.174,11328.2,1347.83,47373.179,182288.78
30/06/2018,10018.75838,3483.522289,2500.84,2071.0,1502.813757,20115.032,31358.71373
31/12/2013,29489.21,2281.893928,847.916,731.022,522.72,6968.535,56408.42061
31/03/2010,30896.8,3077.61966,586.9,557.5,11429.2,14726.2,48691.2
31/03/2010,348403.3,12041.2,6895.6,8541.7,11590.5,44459.3,128711.8
31/12/2009,163774.5,28409.17907,28162.6,26915.6,-2673.3,98265.0,352936.5
30/09/2015,43794.11,3499.802367,200.986,1533.854,6063.908,14453.804,55065.90437
31/12/2012,153386.7,22762.6,6868.1,10154.9,34866.6,69099.2,220583.4
31/03/2010,172115.8,89230.04807,4716.0,6655.9,366033.15,194632.2,664702.1
30/06/2018,1260.955867,270.7272248,119.47,338.21,292.0373789,4307.136,9015.834453
30/09/2015,85815.125,3518.381181,74.3,1097.76,6687.585,8710.877,36674.83249
30/09/2017,157347.163,39932.905,5867.852,6834.105,16657.582,95309.199,452197.7826
31/12/2011,24211.7,-1886.39991,1704.4,1438.8,28290.2,38185.8,108735.3
31/03/2013,5729.528,872.0371459,470.9,536.145,489.145,4207.543,13570.51485
30/06/2010,62464.0,9800.6559,5171.4,10092.9,15761.92764,31409.2,124084.8
30/06/2018,449586.9525,120039.7163,40539.0,36951.0,16454.88246,349658.0,620429.9944
30/06/2011,2042136.0,199267.4487,100885.6,194579.2,179568.8,976878.8,1767882.1
30/06/2019,40142.9,4641.366,1975.279,1293.034,5409.865,17424.36,42986.78632
31/03/2018,122210.562,44142.45501,15404.1,33551.8,6990.444149,115160.0,450956.9739
31/03/2017,17974.62,1323.722,868.162,1160.437,2874.389,5565.44,16617.15983
30/06/2013,15104.76,2361.09545,51.5,12.6,-219.3,13389.3,15797.20407
31/03/2019,98171.935,1119.403,6205.151,19079.845,5397.437,26159.62,189878.1247
31/03/2012,100310.4,16831.88153,4608.2,7142.9,3707.9,33917.8,246625.1
30/09/2017,107720.811,38515.739,10142.565,9162.699,-1558.509,68629.076,447376.5274
30/06/2017,10578.287,3715.419,1900.093,1927.049,1434.048,19875.069,34276.06818
31/03/2011,23010.5,4982.2,956.1,1012.2,14628.1,17650.6,22417.3
30/06/2020,433493.199,27917.406,25985.932,33485.228,-16029.393,79270.05,2040404.959
30/06/2017,240528.304,34924.464,14170.651,11829.492,-1039.607,47766.026,860365.5605
31/12/2009,202686.6,8411.22494,6636.4,6509.0,23872.1,37502.7,93195.5
31/12/2015,312447.33,-5444.120674,19.358,29391.844,-4214.497,71457.683,325013.8273
31/12/2011,455640.0,99842.12317,39224.1,14664.5,165679.2,454264.8,1299561.044
31/12/2010,52582.3,2417.79751,3597.8,1565.9,10091.95,37399.6,70920.3
31/12/2014,116172.907,15097.54577,2416.641,3444.199,16851.33,40092.528,184711.3301
30/06/2011,29218.5,4566.7188,1831.9,4169.9,8314.4,28295.5,83170.8
31/12/2019,455956.66,55729.5,20540.7,25978.05,25318.8,447917.9,1115379.301
30/06/2017,149137.59,9894.51,1552.631,3068.106,19372.206,14226.629,141475.695
31/12/2015,28732.48,2656.531135,527.856,663.205,-156.405,4786.478,48803.67519
31/12/2014,28214.097,3520.265683,117.303,1828.18,5545.284,11469.128,32634.82505
31/12/2014,161177.611,55076.58089,18467.839,19175.715,2049.549,47738.634,459105.4921
31/12/2012,28476.9,5279.24688,1980.6,1386.5,36773.1,37493.5,162459.7
31/12/2015,131852.444,25036.75551,408.793,6016.096,1340.709,62951.362,467672.207
31/03/2013,215628.429,7388.072841,2059.548,5182.525,3115.247,14758.23,110136.9724
30/06/2014,323405.834,116557.8814,29080.848,69640.464,37377.08,272354.659,959750.5657
31/03/2011,109632.0,10293.35155,3699.5,3571.7,17273.9,29923.3,95710.1
30/09/2018,114624.5674,41058.52004,10837.69,12564.7,7874.70778,63618.157,373676.0897
30/09/2015,66150.988,6206.277135,21.209,237.475,52731.138,32968.757,96839.7714
31/12/2015,117541.255,12746.46118,3458.126,3788.755,18430.031,48384.689,225129.8758
30/09/2013,243028.926,29627.26205,576.274,7381.274,26410.909,94774.082,398031.0691
31/12/2009,387324.2,97786.98968,28511.4,16510.5,138759.3,339113.8,1177037.2
30/09/2009,53979.2,1934.74459,664.8,534.0,5742.2,9113.2,19817.6
30/06/2018,545380.8248,39431.03363,18817.69,20482.41,46139.21778,174113.876,349043.7279
30/09/2018,233923.442,30831.10966,6151.05,8507.16,15509.12421,144255.792,470186.1185
30/09/2019,1542395.734,79077.943,13915.297,11685.404,-79875.421,209136.672,1064409.224
30/06/2010,301686.7,16651.65117,3991.7,4741.7,20570.1,68029.4,181798.2
30/09/2018,79505.79564,13380.82541,5471.01,3148.72,17857.0017,69310.473,364136.5441
31/03/2014,78891.92,20670.91936,12231.001,11155.812,3849.809,48641.354,143083.1145
30/09/2020,58618.661,11613.021,4857.771,4389.802,5601.617,33233.018,195835.3855
30/09/2010,27693.2,1145.36057,989.6,457.3,5637.4,10352.1,25524.0
30/06/2013,1068.34,289.8660833,41.595,86.741,335.727,3205.052,7551.146646
30/09/2009,386279.9,6689.1,24109.0,23896.2,68714.9,158450.7,187375.0
30/06/2020,38510.92,3419.078,1897.861,1756.223,6032.345,11341.546,143764.7704
31/12/2018,73938.27385,7342.070593,1673.83,2334.65,11135.10404,19760.712,93162.22505
30/09/2014,8284.534,432.8634667,11.67,225.184,1612.536,2302.505,17303.57127
31/03/2013,136442.9,16095.10492,3164.73,2356.98,10543.27,32797.199,204227.2377
31/12/2015,52316.576,15638.54608,3299.879,1456.39,10707.371,31812.1,153354.3518
31/12/2017,106704.67,13536.672,3629.318,2653.512,17416.458,30263.443,207345.7243
30/06/2019,171868.343,17331.78,1839.72,12591.424,29378.316,47033.232,239813.1712
31/03/2017,44709.57,10171.66,1870.238,1679.904,10330.006,24908.726,144294.752
31/03/2017,107188.393,20834.435,2708.955,3725.2,18755.161,96350.557,372578.9412
31/03/2010,166904.0,36388.30762,3010.7,2296.8,13507.84595,38762.2,365581.2
31/03/2015,318657.439,84734.45774,46001.611,43872.78,-6717.118,135118.712,804708.4145
31/12/2017,141758.809,13467.82,6100.678,7894.929,22443.509,51161.294,303724.4284
31/12/2017,60210.663,6531.405,1302.086,1628.331,15508.081,27066.173,119715.79
30/06/2011,178883.3,27020.95476,16186.3,23182.4,57367.6,178784.4,426386.5
31/12/2009,947053.1,8538.66897,63992.9,57855.4,334349.6,126850.4,779416.3
31/03/2009,743513.9,33187.88093,15692.5,22714.2,31808.6,131217.3,424982.5
30/06/2010,42110.2,3126.0706,2311.7,998.4,17489.34495,33429.9,86695.9
31/03/2020,7129.648,3740.141,1097.018,3370.671,1208.42,12878.134,69771.98596
30/06/2009,5034.1,1361.9162,664.8,1726.8,1910.4,8070.8,38632.9
30/06/2018,726.1537643,247.4732029,47.73,7.09,1564.933977,1649.984,3180.553488
30/06/2017,114393.92,14009.447,4838.741,5805.165,11908.105,29254.92,188675.4049
30/06/2012,54089.0,3796.37175,3050.8,1700.6,22105.2,36934.7,101968.5
31/03/2014,66872.778,27178.32556,122.963,1735.869,10678.759,758.305,333686.7035
30/09/2016,118706.864,4821.501601,1356.06,1118.982,7408.02,10889.534,59353.432
31/03/2011,6318.4,1681.1,808.7,2021.9,580.6,8676.8,27707.6
30/09/2014,206110.1,36645.45648,370.474,334.424,27677.529,166646.4,310407.4809
31/12/2018,128955.782,19020.97784,6344.01,3993.55,18221.45199,41517.685,248884.6592
30/06/2018,24287.05555,1799.670816,602.86,638.5,2212.550761,5380.3,21129.73833
31/12/2009,272839.1,15160.37865,12540.7,19316.9,8359.6,38840.1,219466.8
30/06/2018,285036.4005,109026.4232,36323.19,87925.45,14080.79819,294725.31,1003328.13
30/06/2017,172600.18,24110.75,3331.438,3109.135,10332.183,13238.047,354649.1172
31/03/2019,17705.84,469.86,917.989,962.739,3411.41,6016.16,13152.36075
31/03/2009,129504.1,8832.7,3456.6,5311.0,8100.7,38310.6,110512.4
30/09/2009,84942.8,12955.52503,4873.4,5700.9,35315.1,72822.2,360390.965
30/06/2014,119459.49,11230.60438,1603.792,7864.346,23473.358,30123.023,166119.3479
31/12/2019,78443.285,7050.558,1742.459,4328.199,12621.061,32987.608,101972.4523
31/03/2012,37800.2,6023.29112,3662.0,2672.3,9865.3,24439.3,101392.1
30/06/2014,649077.8,222046.6441,43072.0,86023.0,13465.89,385346.44,739153.884
30/06/2012,101771.3,21562.07563,5613.4,4709.4,42053.7,90874.1,276120.7
30/06/2013,679354.1,236109.617,40560.7,89701.0,17218.82,360774.04,829070.9521
30/06/2020,168956.444,80123.299,44761.962,5471.455,151469.736,523421.312,2171672.479
31/12/2017,166188.7,47588.274,8827.226,20869.936,1972.428,47129.21,258925.4527
30/09/2019,16805.72,1729.41,653.794,873.839,2067.968,12499.156,43482.14248
31/12/2010,23739.1,5060.07263,1618.7,1253.7,22916.57796,35607.8,106153.0
30/09/2017,57832.174,6011.609,1690.321,2562.709,11509.754,26502.409,143335.2704
30/09/2012,102278.4,12224.61195,3703.4,3859.1,27478.8,51945.2,158198.5
30/06/2013,11261.713,5725.553295,210.518,200.61,26045.179,65631.93,370430.7697
31/12/2018,34671.49624,4510.761661,1249.3,1934.6,7072.985234,11043.719,38138.64587
30/06/2020,108693.114,18878.661,4616.815,6328.422,3092.299,-15039.647,572604.9449
30/09/2010,27184.9,-3660.59585,256.9,130.7,36177.45582,18323.6,34059.0
31/03/2018,55917.17233,21746.18832,380.6,1928.26,8678.345145,1942.683,241562.1845
30/09/2017,211191.92,36215.975,1261.545,381.451,11926.692,245528.077,305817.125
31/12/2020,128107.179,18149.885,8017.661,4018.106,17725.907,46445.399,379923.0247
31/03/2010,41285.4,24.6109,1571.4,1486.2,11129.8,20148.7,49677.5
31/03/2012,190600.5,15661.5523,6079.6,14025.3,32236.6,53179.8,166231.0
31/03/2015,609411.651,33882.0785,2559.953,14447.511,58699.71,126169.669,683487.678
31/03/2011,180666.0,37234.90637,3862.7,2498.6,9367.2,42900.7,425827.3
31/03/2016,64567.557,8582.975692,4143.1,11375.926,3011.934,15793.14,94914.30879
31/03/2019,13515.476,1714.632,958.509,1055.307,1311.109,4564.273,103215.8078
30/06/2009,6768.8,201.84464,75.0,53.6,994.7,2086.9,2864.2
31/12/2010,874334.5,6751.91236,61167.3,52840.7,252231.5702,158317.9,760364.7
30/06/2012,208660.8,34440.91572,17880.6,33879.4,65389.5,194728.7,417634.6
30/06/2015,418095.7,138458.9444,53063.0,70205.3,15964.79,382301.58,616852.9251
31/12/2011,50120.9,2091.45165,3472.0,1666.6,8975.3,34323.3,61123.1
31/12/2020,19825.38,1145.707,1183.34,1006.002,3504.338,9619.883,34086.78418
31/12/2014,132601.179,25651.3994,435.358,6012.991,16.831,60227.301,437726.9431
31/03/2009,66386.2,6971.65812,1444.2,2803.8,12340.4,20189.0,44055.9
31/12/2016,333763.27,603.4975965,18129.705,36921.311,-8123.374,67269.264,357126.6989
31/03/2009,245808.9,19946.96416,10910.6,5938.9,95906.0,138741.8,341496.6
30/09/2009,66090.2,8019.60919,5094.6,11465.9,8055.1,36638.5,137246.4
30/06/2011,66888.2,6772.21474,3143.2,2911.0,10485.6,23785.0,71149.9
30/06/2016,130484.662,16660.22433,3930.731,3519.722,28519.578,65387.272,289675.9496
31/12/2014,269771.533,73981.10144,6834.442,10301.171,66608.433,252241.173,1272089.932
30/06/2009,269346.7,26329.50264,8621.3,11893.8,65220.1,77926.9,264213.076
30/09/2017,128826.7,16171.96,6743.276,1884.033,-21647.81,158162.0,236406.2378
31/12/2013,210156.527,21390.45509,167.379,17200.772,11995.921,168338.882,854598.7095
30/06/2017,157916.168,65152.522,59261.445,85224.807,-2765.901,214948.432,683565.5601
30/09/2018,58480.25965,11456.28287,4552.93,4496.91,6017.618718,29869.837,152633.4777
30/06/2014,142426.223,11381.20539,592.002,2898.848,13953.148,13749.617,139598.7164
30/09/2015,182110.847,32044.91897,757.317,1522.482,-38405.796,138948.649,256863.2848
30/09/2010,33504.8,5206.83999,2724.7,2652.9,2215.996389,20197.8,75673.5
30/09/2011,27506.2,-429.41066,236.8,141.6,33585.9,16802.0,33899.7
31/03/2010,89235.3,13027.23056,4463.4,5188.2,622.1333733,30115.7,198242.3
30/06/2019,39727.022,4280.224,1628.02,2014.882,7417.926,10669.667,93454.27217
30/09/2017,178641.24,28738.934,3689.151,1538.071,-65501.004,126739.5,271809.6652
31/12/2011,257953.5,22654.00897,12832.1,15683.8,13880.3,48405.2,458078.241
30/06/2010,176233.0,38096.70114,25278.7,44168.9,18494.502,190439.5,443270.1
30/06/2017,47264.752,6132.682,1900.271,1229.714,5358.822,22199.485,49282.20291
31/03/2011,181429.1,88495.78225,5277.0,4574.8,496483.1,218404.7,559624.3
31/12/2016,96012.3,8167.497011,3073.49,7011.0,20760.2,37076.346,187223.985
31/03/2011,95681.9,15134.45485,4544.9,5648.3,3840.0,32985.3,239416.7
30/09/2019,110926.491,10262.69,2654.378,5959.704,23454.185,56031.336,221027.1333
30/06/2017,852621.129,43214.0,19427.31,19352.809,19086.895,122708.926,632685.4107
30/09/2011,99370.3,14335.46516,3534.0,2689.2,25936.8,49804.2,174204.2
31/12/2018,139453.4329,8799.511615,8361.22,6042.9,18742.54138,143311.756,900869.1764
31/03/2011,169024.8,12671.3061,5462.0,11995.7,29388.2,41082.1,140149.7
30/09/2009,497326.8,49960.97644,10625.8,14313.3,51604.5,130349.7,551296.4
30/09/2017,17724.07,1661.769,768.726,779.891,1871.62,9437.333,33074.14915
31/12/2020,277308.818,24221.585,12106.935,5005.571,33514.699,74275.693,397197.2469
30/06/2011,331817.7,16955.71076,4298.0,4277.5,17555.6,67985.7,174239.0
30/09/2017,1741.11,725.989,557.843,325.151,168.399,3373.779,14628.01804
30/09/2019,91506.227,13942.149,5934.419,3652.971,20262.933,72871.758,495360.2688
31/12/2017,120024.638,22599.859,2063.357,5523.972,-4135.388,45916.071,504357.0805
31/03/2011,374348.9,11892.0,7397.9,8920.6,11738.0,44976.6,129728.0
30/06/2020,955298.0,48354.2,20260.3,19156.4,554.208,129191.9,892260.281
31/12/2010,90101.3,7402.45866,4636.1,4219.9,18213.95581,34078.1,142117.2
31/03/2010,276614.3,18386.03164,9775.0,13601.3,40465.26539,71882.9,237590.503
31/12/2009,471400.2,42229.99071,16629.3,13667.6,76445.8,130002.8,604885.936
31/12/2018,14209.90062,2598.990823,1374.7,733.31,544.2391938,4904.19,10515.32646
30/09/2017,162600.175,7194.913,3075.212,5405.599,16724.876,41356.179,165836.4834
31/03/2018,344807.1998,117027.5636,54474.69,47294.18,6206.529596,174184.143,889602.5754
31/12/2015,14808.613,3478.228534,35.618,1236.933,3636.365,16845.682,81887.511
31/12/2017,15119.144,2622.704,1448.411,492.847,656.868,-295.09,15306.97154
30/09/2015,127254.349,22002.35911,2078.247,7233.978,33713.523,103231.306,477412.5004
30/06/2010,83643.3,7573.25738,7053.8,3347.2,19027.45464,40402.7,105928.8
31/03/2015,19815.48,1472.626977,0.06,1106.999,3020.094,2760.27,16682.96401
31/12/2009,474988.9,77400.14962,20239.2,25027.8,497069.9,205573.3,935790.3
31/03/2016,159524.7,30012.29301,6174.675,8975.539,13094.097,26394.77,231310.815
30/09/2009,34806.3,1538.39134,1048.2,837.2,5922.9,10341.3,22536.7
30/06/2014,61432.787,15754.84724,6132.921,12218.756,7610.227,46589.99,112474.8358
31/12/2019,23986.202,5539.507,710.626,1739.538,3984.315,27652.307,110775.8013
30/09/2019,155710.747,48154.495,8838.803,4973.485,11182.857,97585.942,1428582.401
30/09/2015,19710.21,610.1214709,729.738,990.818,2212.702,13586.226,27037.46465
31/12/2019,133471.326,-13355.545,8304.219,5397.777,17533.18,120389.395,978083.3711
31/12/2018,110983.745,23051.32383,3829.68,4791.93,-2841.183872,40033.792,504976.0397
31/03/2016,109917.453,20632.59942,2831.414,4098.938,17271.614,93757.263,326454.8354
31/12/2012,590590.4,88061.98981,24261.6,27209.1,490279.1,309544.5,1133589.5
30/09/2014,206261.504,11331.33156,275.628,5449.872,21125.807,50725.158,146891.1699
30/09/2011,4643.7,726.4,217.1,170.7,579.6,2986.9,8615.0
30/09/2013,33127.699,3168.636094,348.659,565.98,4311.409,12080.903,33667.32127
30/06/2014,26186.355,2036.404986,39.317,792.559,2728.843,4219.37,31779.54748
31/12/2010,83027.6,10244.7136,4786.8,5269.0,23750.4143,40033.3,150726.8
30/09/2017,147850.638,25903.639,8737.648,7022.072,33894.763,132482.638,708587.2702
30/09/2011,108201.1,19746.39747,5040.8,7781.7,60127.9,104481.3,422802.7
30/09/2019,4301.532,-36.258,131.142,73.872,744.369,1333.79,3932.625247
30/09/2017,66932.724,10602.187,4543.655,2829.548,15482.166,52934.878,331107.1095
31/03/2010,129167.8,9314.78056,3628.7,2992.6,9983.2,42716.9,130116.4
30/06/2020,36398.1,4165.013,1905.324,980.395,4220.425,16089.3,42485.37129
31/03/2019,245318.635,56422.868,17836.549,40985.967,16420.274,272387.753,1658046.093
30/09/2011,465927.0,42304.52103,10617.4,14839.9,58480.8,157198.5,504724.0
30/09/2009,37421.5,5457.54074,2704.1,2397.3,2240.0,19390.7,70073.2
30/06/2010,32886.0,4789.94426,1540.5,1190.0,3513.367319,9527.6,39817.8
30/06/2011,127678.4,11432.9,5264.7,9719.1,3229.9,57464.1,251019.3
30/06/2016,310224.1,99120.55651,49677.1,43168.1,15851.93,357493.9,747640.081
30/06/2018,159388.6241,21358.07563,4805.97,4682.78,35432.09114,71644.983,318777.2482
30/06/2011,183462.5,57922.28323,13470.1,21296.5,48695.3,182655.8,453425.3
30/09/2010,420101.1,36019.88913,9401.7,12167.8,48159.99602,126447.9,455566.3
30/06/2009,53176.6,5519.57197,2452.1,4101.6,5714.2,20532.6,62887.6
31/12/2020,153879.795,-11780.138,12958.37,5482.681,20213.916,121820.24,1344053.927
31/03/2011,176200.2,40107.26946,18402.4,19933.6,87781.7,154253.4,362328.1
31/03/2016,12953.235,2509.86915,703.708,273.715,2735.917,13654.513,58548.6222
31/03/2013,67612.454,27601.89889,124.0,1559.225,10827.079,7775.283,309044.3
30/06/2014,210410.22,7132.360376,2224.367,5484.95,1811.568,14596.89,116825.7334
30/09/2009,150123.7,26095.85989,5256.8,5963.8,17316.4,77484.0,336975.1
30/09/2010,211341.9,15152.87882,8825.8,7564.3,61660.0632,84971.2,337332.3
30/09/2019,149199.957,4193.634,606.103,1761.04,10806.323,10649.649,89413.17526
30/06/2016,149865.55,10193.99963,1602.205,3744.946,17630.842,15258.369,155860.172
31/03/2009,379146.0,13833.7,7310.0,10789.9,10267.6,47280.1,202894.8
31/12/2010,171078.3,31316.64377,28751.2,24636.9,-3382.502966,107065.8,398919.7
31/12/2010,44508.8,4317.13592,1336.6,1095.2,13108.6,19833.7,55887.7
31/12/2016,124292.8,38194.84989,15743.35,14220.881,3543.155,57112.88,476041.424
30/06/2016,985.045,341.7916469,84.57,111.038,177.5,2426.84,6619.5024
30/09/2012,71336.8,11094.71895,5171.9,5028.1,10736.2,41722.9,173688.7
30/06/2012,33189.5,4539.61393,1943.8,5684.2,8966.4,32085.0,103460.1
30/09/2014,70601.572,7836.368821,156.699,2875.565,15016.579,31576.441,135977.2903
30/06/2020,716.7,28.113,39.878,18.441,2157.322,1832.4,4883.921527
31/12/2020,278587.535,75101.094,27422.797,13944.374,73061.316,206977.007,1547441.856
31/03/2015,50243.228,23687.34856,4611.991,11032.423,2006.328,51126.84,166092.2062
31/12/2011,182047.1,57071.37855,7740.8,5009.6,95628.5,168251.5,559662.148
31/12/2017,344885.741,-1950.446,25240.4,40326.661,-7112.166,82531.655,421325.1483
30/06/2012,513518.7,111765.2191,46977.0,99785.3,22640.1,356306.0,644705.5
31/12/2017,32092.86,3618.079,1156.497,1763.099,6505.099,9958.679,56463.97852
31/03/2012,106605.3,9993.53749,3428.6,4426.9,15573.8,25482.8,121102.1
30/09/2010,56821.3,3626.23856,5037.2,5508.5,10793.57128,42336.0,176676.9
31/12/2016,140416.613,18799.4586,6631.537,8884.22,29385.828,65579.867,339808.2035
30/09/2014,52829.9,4748.899078,18.715,314.883,52774.297,25127.443,84582.28609
31/12/2018,403917.4859,41926.63504,10952.94,10725.53,136281.7598,99867.923,743208.1741
31/12/2013,157710.787,11860.75745,396.864,6321.622,15596.388,35993.711,136041.0651
30/06/2011,2779.7,3587.8,530.7,475.0,1658.9,16220.6,39274.3
31/12/2009,72074.9,5369.77666,3737.4,4300.8,10087.6,35723.9,75831.0
31/03/2009,790552.9,180836.4049,128993.5,124796.9,22258.5,537162.8,1550109.9
30/06/2016,269200.78,90103.58489,22099.234,65006.839,17880.883,216563.88,869518.5194
30/06/2011,16907.0,2467.01575,941.9,429.5,1328.5,8039.6,22170.8
31/12/2015,422257.63,38155.23024,623.09,11158.633,116580.571,158995.802,667020.6318
31/12/2018,64470.88307,6821.019429,1699.89,1692.04,16536.78151,25724.414,107021.6659
30/06/2019,53727.862,4615.79,1565.918,689.32,6222.872,16177.89,74652.00958
31/03/2018,88409.2462,25842.02266,17372.13,18869.07,1396.86609,47187.76,187427.6019
30/09/2020,72140.424,8705.771,11736.741,13356.086,11304.364,73031.712,582768.8962
30/09/2019,111054.95,11326.074,644.964,910.125,81159.435,54747.847,134482.3497
31/12/2020,75627.101,19143.356,4428.139,2075.75,11882.335,39194.21,157365.1432
30/06/2010,164493.7,28798.27583,14710.0,25075.0,50036.60949,156785.9,468409.1
30/09/2010,150573.6,23112.53325,6802.4,5342.9,21555.66138,122935.0,304698.5
30/09/2012,24887.7,2349.12651,223.2,250.3,31230.2,16895.0,54401.4
31/03/2015,41827.0,4675.829692,39.5,230.61,9094.413,16070.639,122006.4304
30/06/2016,17314.27,2692.751537,148.65,0.268,-81.5,13697.34,21642.8375
30/06/2012,25738.1,3134.7,3417.4,8877.2,5159.4,30135.9,67897.8
30/09/2013,202135.712,32030.23459,466.439,7835.62,24721.315,89811.207,506057.8775
30/09/2014,202413.521,32484.61618,327.475,7977.315,22929.007,94271.205,539055.2404
31/12/2018,112998.1815,17266.12213,3150.5,5578.4,25650.5872,111322.2,186446.9995
30/06/2012,76581.8,7373.07136,3538.0,3834.6,11148.2,22358.8,82588.2
30/06/2009,20880.0,1435.16787,1978.2,850.4,754.4,6157.6,28613.5
31/12/2011,86363.9,15307.0,9476.8,15024.5,11146.8,68191.8,195288.2
31/03/2011,585148.7,133055.7216,92615.9,88495.7,22145.9,502749.1,1082630.1
31/12/2017,382043.187,36997.794,9853.802,10362.896,105865.709,95003.938,797917.5171
31/12/2018,145271.7723,20730.2819,7584.32,7889.71,26468.51691,72193.307,344294.1003
30/09/2017,174265.001,29036.013,6572.149,7705.022,18236.413,82828.445,574850.9053
31/12/2015,463995.384,86264.20772,1997.496,20937.96,23040.71,228447.748,817725.2571
30/06/2015,25273.9,1925.819094,36.5,765.06,2524.194,4854.99,27231.77508
31/03/2014,208803.345,50344.00424,4215.361,9404.772,25804.791,192949.052,1029892.888
31/03/2016,262463.269,70274.67531,15122.633,14530.257,25666.852,196021.385,1267697.589
30/09/2011,433900.8,22868.9,23335.5,17188.6,77961.0,181596.6,160712.1
30/06/2010,1672364.9,153113.9281,93234.2,178354.8,117796.9,800522.6,1652411.2
31/12/2013,62622.206,8776.019389,107.245,2022.847,16136.472,23543.701,139310.0739
31/12/2010,36167.5,5450.0358,3056.0,3595.1,5829.3,18155.3,95437.4
31/03/2020,42821.7,22935.8,5099.9,7004.2,708.1,49986.9,346853.3904
31/12/2011,294537.5,29914.79148,6998.9,8838.4,45231.5,89641.8,273355.3
30/06/2014,10997.343,3871.148286,2694.331,1831.193,3356.231,22185.639,28280.32708
30/06/2017,32737.862,3747.69,1193.899,495.893,4909.569,11271.028,65051.96806
31/03/2013,826131.4,48608.00717,5109.53,25058.59,36868.408,135466.6,592093.8776
31/03/2014,303060.376,101017.8719,44390.192,46851.851,-9143.225,146469.049,716789.6889
31/03/2016,344893.277,113439.028,53076.78,47952.328,-10097.092,166006.624,900171.453
31/03/2013,35106.677,4369.607258,6.67,239.187,8039.608,13703.174,85630.60803
30/09/2014,117958.123,38904.39627,8438.872,5794.821,25635.047,50670.708,318970.0376
30/06/2020,282366.5,114965.563,42741.92,99131.355,7259.436,323270.93,1232664.866
31/03/2019,218508.916,60880.211,16408.302,30851.753,37022.93,209067.38,1174623.062
31/03/2016,635531.954,38826.93976,12374.178,14205.888,50573.336,129995.81,629176.6345
31/12/2010,406983.7,103216.5842,31095.3,14916.3,155804.7189,456391.1,1216244.1
31/12/2015,120897.412,8394.832715,365.971,4815.398,12206.556,29724.306,94680.00554
30/06/2012,91684.4,6044.54585,2763.9,1556.1,12341.2,25327.8,41963.6
31/03/2020,120533.2,48779.08,16055.4,37541.9,10864.2,138319.5,498600.2573
30/06/2016,38624.836,5173.973342,1807.713,2089.223,7411.437,14137.523,78408.41708
31/03/2010,267255.2,63640.60181,45380.8,33438.7,15128.74717,121858.0,472390.9
31/12/2020,103261.18,1300.834,10387.743,12218.812,1760.025,54971.13,203713.8185
31/12/2016,126024.805,21349.40633,6450.271,4825.839,19540.724,116053.261,827982.9689
31/03/2018,103530.1893,10829.2578,2144.47,3673.71,21668.86862,27952.97,66259.32116
30/06/2015,25336.108,3147.108179,1112.999,834.171,3129.663,10530.117,59002.53942
30/09/2016,153144.663,42749.9912,8023.3,4697.671,-3244.541,97297.369,713654.1296
30/06/2014,1449.178,705.0948733,11.63,452.369,112.902,2021.397,6051.169255
30/09/2020,1660430.908,94569.949,15433.702,12302.424,-88522.617,263118.02,1132554.053
31/03/2019,6329.318,3295.147,952.706,2836.821,457.553,10185.245,55883.05109
31/03/2018,278202.7188,61176.77787,18016.27,18340.88,31353.44641,216337.814,1944637.005
31/03/2020,49818.9,4685.4,1445.358,379.516,10154.456,14416.8,251377.8125
30/06/2013,762402.018,78123.00182,9088.033,27687.098,68848.23,203473.91,534910.0926
30/09/2014,40372.683,3338.937112,51.162,1561.226,5808.917,13835.514,51638.0699
30/09/2012,119644.0,9454.98295,3889.4,5749.3,23046.0,41637.0,118365.8
31/03/2012,189646.6,38645.83661,19886.0,27523.6,81115.5,159548.5,408811.6
30/09/2009,199078.5,36009.11988,16820.5,39149.9,22141.8,134114.2,402365.6
30/09/2016,107414.23,4887.816947,1846.859,1647.476,16203.433,29040.394,73041.6764
31/03/2012,118550.3,38909.70383,4719.7,3828.8,360374.3,199929.8,383350.5
30/09/2011,19825.3,2078.30487,1103.6,870.6,7719.0,22302.9,37018.0
30/09/2013,155908.8,33808.14169,261.251,2282.802,-16716.461,191851.55,247126.7305
30/09/2019,237233.877,28409.265,6403.965,8556.119,15481.729,163011.362,545318.3054
31/03/2017,115573.1,43978.31,14149.6,33950.4,5884.704,110121.4,430936.3578
30/09/2018,105645.2151,10427.18273,2466.14,6030.12,21509.36579,58313.382,173258.1528
30/06/2012,280417.1,15368.17792,3873.0,4008.3,21638.7,63178.7,184123.5
31/03/2016,4860.197,591.8379885,520.829,553.933,802.051,5647.627,10255.01567
31/12/2014,121745.9,13867.13884,444.0,6949.8,28276.97,41892.946,186125.9795
31/03/2020,276817.247,58111.535,21379.783,38860.127,14964.247,317151.694,2259592.824
30/06/2019,123350.23,15686.096,5354.772,6540.44,12669.255,35990.45,196570.0368
31/12/2014,61827.284,7898.190327,129.516,1967.564,16708.02,24973.73,146763.4441
30/09/2019,233642.33,49466.106,1451.49,374.789,16427.526,200455.75,317907.8963
30/09/2017,91766.8,9271.987,424.497,484.848,72316.629,43920.59,136620.0894
30/06/2016,37033.324,9664.57308,4680.14,5618.487,10082.203,21500.186,86287.64492
31/03/2017,7389.224,3333.75,954.26,2560.371,730.696,9582.272,47850.16595
31/12/2010,41491.9,3477.44134,1861.0,955.7,2224.018347,23075.6,62314.0
31/12/2012,46825.9,5510.04808,1865.3,1343.1,1281.2,22942.2,57320.3
30/09/2010,4152.5,660.2,195.8,141.7,528.3,2727.1,7824.8
30/09/2020,180176.594,29789.479,11905.771,9284.852,45337.563,186421.284,1336705.1
31/03/2010,44995.2,6446.3,6731.0,11681.3,4662.4,44696.9,72272.8
30/09/2015,1068636.511,60550.77822,5113.157,7612.01,-36507.747,162664.736,639108.0208
30/06/2012,201947.9,18156.6,7342.8,17232.3,2676.8,80876.5,342564.7
31/12/2012,68811.0,11309.8,8438.1,18114.4,2534.3,60448.0,155367.5
30/06/2015,56211.016,14375.80527,5814.075,10098.416,7385.657,46335.807,89186.51756
30/06/2019,126508.94,26067.508,6286.943,7988.862,497.68,-6414.096,538734.5636
30/06/2017,1448.64,394.266,140.821,51.376,942.471,4222.977,10750.41595
30/06/2012,84716.5,6152.9,2682.0,5328.0,6323.0,27073.3,87354.3
31/12/2009,260766.4,57016.47956,11544.3,9327.5,70811.6,162661.7,778274.221
30/06/2009,476455.0,45397.63632,10880.9,11321.0,80678.5,170765.8,611310.513
30/09/2019,125122.01,21252.001,7191.061,942.671,-12095.946,105663.608,244377.9751
30/09/2009,152218.8,9892.2968,5567.2,6194.7,19220.0,36190.4,126902.7
30/06/2014,16245.8,2528.53574,27.34,128.49,5446.64,12711.1,17395.90751
30/06/2016,191081.394,32228.94187,9348.216,8238.464,282.221,37741.506,571333.3681
30/06/2014,462840.96,165442.9993,15858.82,59999.769,14937.255,147178.675,895106.4721
31/12/2015,54810.962,5499.659986,218.441,1671.569,9274.021,15996.811,80306.14212
31/03/2010,128302.8,5854.8552,8281.8,7277.3,42056.73361,102985.8,159814.6
31/03/2019,55505.8,21278.011,368.67,1417.119,9034.953,4977.7,288031.8047
31/03/2015,210997.747,49824.74343,3854.196,11201.479,24169.662,213097.549,1108840.576
30/06/2011,45165.4,15040.56428,5866.3,11908.8,20365.0,110953.2,240647.5
30/06/2011,95384.8,21192.82603,5380.6,4567.0,39791.4,86570.7,240767.2
31/12/2015,434009.944,30382.18927,319.6,34603.204,24645.081,437922.839,1187637.841
31/03/2009,206873.6,129328.0888,3722.9,5738.8,623588.7,186481.9,539079.6
30/06/2020,18110.7,1456.194,563.63,509.3,1206.038,5543.58,20273.55379
31/12/2013,146161.339,23429.06484,823.311,8357.041,29502.64,74004.756,317224.4519
31/03/2018,104661.5085,19854.28817,2654.13,3546.55,18221.56864,98976.528,352709.2838
30/06/2018,152261.2669,6059.998421,3048.93,4094.19,106.5828868,10443.09,59381.89407
31/12/2014,148698.748,21869.92427,860.237,9043.422,31022.732,77435.126,353281.4673
31/12/2015,25304.781,2875.041955,194.374,1924.778,4841.997,12634.786,26801.22434
30/06/2009,29691.0,6123.93486,2793.7,10364.0,5497.2,23071.8,62569.4
30/09/2020,179953.874,30410.896,6717.997,6562.82,15931.245,66706.587,736626.9412
31/12/2011,35554.1,5666.5,2933.9,4158.1,6519.9,19122.9,63122.2
30/09/2012,175262.4,11207.32887,4476.3,3738.3,35041.4,51462.5,104049.2
31/03/2020,6341.19,792.6,536.3,616.902,543.59,6665.5,11030.64618
31/03/2014,31245.841,5055.992218,144.275,3479.262,6228.304,26620.169,86186.64971
30/09/2011,33834.2,6538.91343,2900.6,1868.0,3038.3,26699.7,99577.2
31/12/2018,49722.27238,13952.06963,3234.86,1228.91,10923.98324,5770.737,127289.0173
30/09/2012,161988.4,26831.05924,5736.5,6530.6,16974.9,83860.5,362297.7
30/09/2019,179224.624,29795.158,11141.003,9182.949,43558.702,169907.768,1065013.037
31/12/2018,168690.2079,19922.31356,6126.11,9060.59,26990.43327,55492.146,247974.6057
30/06/2009,362222.0,33750.6176,7058.8,8464.6,6587.7,99524.9,253084.6
31/12/2012,627262.2,106276.3577,18694.0,21290.7,84893.3,244514.7,864958.5
30/06/2015,167463.3,6513.210141,2368.517,5391.6,696.761,12341.38,98928.39177
31/03/2019,428536.049,26110.491,9217.96,10234.713,34290.448,71135.787,508840.3663
31/12/2010,296195.6,25644.56818,6884.6,6315.9,31762.72809,81050.9,260260.9
30/09/2017,229682.622,32136.695,5949.967,8450.397,16808.271,146721.319,555034.3704
30/06/2012,6182.7,2364.90534,33.5,54.8,3722.6,20203.1,24709.4
30/09/2010,120302.5,9283.98735,3799.1,3619.0,20074.56028,40713.2,130543.377
30/06/2013,88263.255,10759.43036,819.685,3709.66,10193.42,21120.678,111283.5905
30/06/2015,85385.074,10721.15569,968.743,3897.819,8597.966,19637.167,123045.6377
31/03/2010,5859.2,1548.3,717.5,1730.8,290.6,8266.7,25116.7
31/03/2010,553675.6,125261.3518,89836.9,83028.4,18941.0,466428.8,1128915.4
30/09/2015,1830.521,672.5523585,431.644,3137.806,240.981,2783.364,14391.12278
31/12/2016,353199.678,71692.823,13648.628,17665.966,-5945.379,200359.681,822955.2497
30/09/2020,120507.6,38404.997,6094.684,7132.432,4064.272,6305.97,185041.5662
31/12/2011,192115.3,12461.28247,5756.0,5530.5,26798.5,48648.0,112808.2
30/06/2015,130981.707,27515.20074,3825.612,8282.885,2449.07,36896.896,401885.9794
31/03/2020,353185.883,84428.364,22708.04,24029.651,46438.51,251412.712,4175891.774
31/03/2012,216159.7,32203.75706,8485.4,6058.8,114454.3,166337.1,274058.9
30/09/2019,45999.081,2797.852,791.829,1500.986,6106.245,13958.811,50999.08542
30/09/2020,245162.32,31431.961,6618.924,7877.153,12908.819,154675.051,537785.4751
31/12/2015,113270.3,10426.09161,461.7,8440.2,23758.9,49064.946,175748.2844
31/12/2011,865542.8,60510.36736,47724.0,41538.3,303615.8,311663.3,629135.8
31/03/2009,30396.0,3100.22612,827.1,970.3,5804.0,4312.7,41527.4
31/03/2020,342578.933,119793.341,53805.165,43258.303,4058.294,258937.76,858634.7413
30/06/2016,2220.95,663.2627592,264.494,87.074,1367.775,4195.767,9572.2945
31/12/2013,20149.623,2174.074882,88.721,1571.6,4338.982,9799.014,33168.33942
30/06/2014,44439.99,3199.901584,1849.0,2162.342,5695.681,11511.392,52736.77793
30/09/2019,127080.058,43673.558,12054.091,12165.618,9976.558,77354.069,480941.2453
31/12/2019,72976.51,6937.552,1755.278,2050.774,11614.174,22328.41,117075.9476
31/03/2018,6165.0275,849.5407895,443.64,938.72,1138.064076,5195.252,10480.54675
31/03/2019,104209.15,9768.127,2806.178,5241.571,20436.814,33848.555,73096.35935
30/09/2012,37375.3,7604.02814,3257.5,1828.4,4131.7,24457.4,118270.9
30/06/2019,11301.214,3895.169,2242.669,1711.953,1578.414,16965.952,57124.37615
30/09/2012,22519.5,3895.43024,1172.4,975.2,8949.7,24254.0,40402.2
30/09/2009,4363.6,714.0,191.5,212.4,442.9,2500.6,7518.3
30/09/2018,4482.560546,-113.8570379,141.09,104.98,630.2480128,545.747,6006.631132
31/12/2009,22598.9,3345.80347,1620.4,1573.9,20459.8,28948.1,108281.2
31/03/2012,385414.6,12875.3,7335.9,8194.6,14094.5,41183.0,167105.7
30/06/2012,77392.3,21774.2,19500.1,55572.2,7357.8,122252.3,223474.4
31/03/2016,5996.366,2909.03173,820.525,2335.473,714.544,8944.554,37177.4692
30/09/2010,148029.4,27267.11032,5293.4,5530.8,12307.8,80830.8,330742.7
31/12/2012,86322.7,15145.5,9412.7,16037.1,8186.9,71930.8,195980.7
31/12/2009,45643.0,5101.78571,2188.7,1596.2,2761.3,21350.4,63753.6
31/03/2010,224230.4,23202.07865,8902.3,5375.4,96456.86536,147863.0,336452.0
31/12/2016,60858.533,7167.288587,1266.333,2229.03,15842.925,26593.806,110153.9447
30/09/2017,47744.817,9502.647,3740.094,3381.289,4835.688,22212.445,125342.2568
30/06/2014,803220.717,78250.49456,10749.168,30580.89,71675.836,217869.818,510651.6594
30/09/2016,147850.714,36786.56836,4868.566,7249.087,16688.178,95095.611,425810.0563
30/09/2019,175748.409,28174.68,6573.002,7223.167,15434.261,78529.454,656694.5555
31/03/2013,5285.924,2593.488722,696.981,1598.474,335.489,7545.545,25291.54541
30/09/2014,67472.5,2478.291276,0.986,863.19,5374.373,7485.99,34774.4597
30/06/2017,314772.23,116386.272,40404.422,84864.569,23030.352,282132.915,1104907.368
30/09/2010,364338.8,7895.2,22494.8,17014.1,76922.1,169347.7,220302.4
30/06/2016,416670.544,32311.84338,20944.343,19338.928,46445.883,212069.059,512504.7691
30/06/2012,427379.1,27461.64999,6436.2,5497.3,64270.6,108892.1,331533.3
31/12/2015,321995.232,33072.07888,1946.411,5722.247,35755.169,59439.605,312526.3936
31/03/2013,128648.6,49058.79658,13353.1,31399.5,9723.4,110070.9,338421.2717
30/06/2016,129190.029,49901.35391,77105.828,61457.33,3013.926,283687.568,745426.4673
30/06/2017,48180.56,15038.458,5960.346,11350.241,2042.355,49863.454,217760.0237
31/12/2020,386417.611,21101.269,14597.387,10697.17,168339.001,112721.587,777382.4242
30/09/2010,6993.0,793.65134,482.4,285.8,1708.290214,4939.9,25950.8
31/12/2013,47560.606,4699.859309,151.226,1376.98,7894.027,13368.242,65371.21093
30/09/2009,176945.7,31075.09068,10777.9,9102.2,19889.9,124879.2,292910.0
30/09/2016,44056.494,3490.643202,718.116,1576.796,6191.571,14245.557,59916.83184
31/03/2014,157154.106,36480.2397,1234.112,17233.273,30708.179,133597.248,505062.3481
30/06/2019,921754.8,42961.8,19522.0,22573.78,18415.12,124157.4,809801.2109
30/06/2012,2779.7,4492.8,530.7,475.0,2370.5,22108.6,36442.0
30/06/2009,32571.4,4703.59227,1257.5,897.5,3305.6,-1116.5,42626.842
30/09/2012,140322.2,18407.66663,6740.2,8770.4,70066.9,123384.4,582436.8
31/03/2018,200642.6159,56320.38229,13742.6,35235.49,12700.67759,248960.898,1183791.434
31/12/2016,439659.595,45936.86553,19460.152,25383.639,31086.43,415970.88,1160701.331
31/12/2019,197534.2,66373.15,28059.58,22101.565,2951.959,143688.6,679235.6421
30/06/2014,92336.427,11605.85304,832.863,3929.804,10730.754,21926.868,125791.2123
31/12/2019,324101.263,27867.466,10491.737,4740.053,41389.243,81327.518,415446.4775
30/09/2015,139602.16,45354.1399,9859.6,6645.31,27584.347,57269.089,332578.0961
30/06/2009,28707.5,5796.25617,4044.2,10700.0,8083.7,67283.2,183955.59
31/03/2012,18953.7,2235.86488,1148.7,977.6,10088.8,18286.8,27319.4
31/12/2012,203414.7,42184.37871,9391.7,8946.5,34738.2,123715.9,657194.5
30/06/2015,133876.29,18259.39781,700.905,3885.763,30529.214,69102.018,217278.8033
30/06/2019,19704.18,1556.285,747.97,925.413,2763.351,8178.2,15181.5538
31/03/2020,56177.52,12696.128,2191.243,2085.154,15627.714,29724.34,288968.8356
31/03/2017,86300.23,7696.376,2765.158,2469.985,18163.974,24741.56,82793.02826
30/06/2016,52414.946,8012.576911,2256.084,1216.253,5955.694,22272.843,47697.60086
30/06/2010,84698.6,4385.26033,2482.6,1257.7,15080.0,19514.8,64638.5
31/12/2016,140108.705,12870.13259,6232.391,9044.225,22027.333,52656.463,249393.4949
31/03/2009,59777.1,3624.5,3154.7,16870.5,6056.9,12387.9,52150.5
31/12/2018,255784.9053,58472.42935,21721.91,11810.69,56656.35653,224580.771,1225209.696
30/09/2012,90632.3,12484.48836,3259.1,4584.3,27803.0,57555.6,134865.1
31/12/2018,172253.0321,60856.99625,26451.59,22279.96,-430.6325803,120843.6,509868.9751
31/12/2018,178407.9961,46314.71577,9491.23,19791.43,3496.796723,50848.02,223009.9951
30/06/2011,91962.9,6113.63626,2728.9,1669.2,12968.4,25335.8,50462.3
31/12/2014,313676.173,30623.33813,725.32,5236.53,35881.795,54475.917,323530.2204
31/03/2012,51200.4,3826.64517,2944.0,5183.2,4771.2,10116.7,41922.3
30/06/2010,112737.6,23367.09795,9198.0,18171.3,29067.18073,111207.6,498868.8
31/12/2012,18791.4,1549.32586,1411.0,1687.7,7269.7,19078.0,95295.3
31/03/2015,146644.036,28304.12031,5100.969,8211.126,11851.727,29209.05,191698.9885
30/06/2016,159233.14,21641.0811,3260.144,2788.933,9947.744,16826.5,272288.6694
31/03/2015,33261.94,5654.189761,160.664,4509.059,8298.39,28256.574,78267.75061
31/03/2020,208115.5,37406.58,7849.61,12239.851,16585.377,35456.52,323980.0148
30/06/2018,166262.9393,15878.1107,1798.14,11139.72,29511.67172,41157.791,192865.0095
30/06/2019,2022.895,396.104,173.706,67.739,87.354,3995.415,10855.62231
30/06/2009,82570.2,10795.56877,5134.2,15858.6,18498.9,34707.1,136356.3
30/06/2017,18569.05,2874.64,46.473,82.92,718.9,16156.7,22829.29567
39903,31495.7,3999.96851,2124.6,2210.5,7993.2,19553.7,100491.9
31/03/2018,51993.66143,12670.85529,2016.06,2283.49,12951.62106,30834.599,100867.7032
31/03/2014,139466.33,34160.31346,2066.63,16144.172,20455.731,160997.238,881437.027
31/03/2014,147869.2,56438.91152,14999.8,34761.4,10585.572,117110.7,418833.8035
31/12/2011,21352.3,4441.65502,818.8,1075.7,3148.4,9650.0,24296.0
30/06/2013,18486.397,1691.955446,787.982,785.157,1284.725,3690.116,47535.12028
30/09/2011,146435.0,13373.47998,5208.7,5198.9,56150.5,44104.2,195936.6
30/09/2010,36065.5,178.80002,419.4,200.7,4666.986775,7503.0,15862.3
31/03/2012,257163.0,37786.74682,51916.2,34499.1,-129.6,127845.4,455473.6
31/12/2017,29698.246,4526.118,975.084,689.861,-491.175,1400.486,49414.01047
31/03/2014,6555.0,1007.77636,486.7,768.987,595.652,4405.63,12459.1178
30/06/2013,387996.652,138353.8944,13794.568,51094.42,14878.05,126906.396,741479.5357
30/06/2019,588286.23,36763.792,21077.586,23552.155,46943.854,182008.628,432961.9328
31/12/2009,35622.9,5703.6784,2462.2,4050.7,5683.0,13270.6,70298.7
31/03/2015,5598.041,2755.571061,743.942,1888.543,398.417,8776.527,30991.48891
30/06/2014,121292.523,20646.1965,1050.22,5771.848,-813.092,23875.256,275087.1467
30/06/2010,2768.3,3648.04448,541.1,281.5,2726.0,16153.1,43991.5
31/03/2019,90007.6,27019.921,17655.496,20648.668,1664.663,61757.53,218472.0005
30/09/2017,155093.34,44545.626,8628.065,5065.602,-7980.944,99347.837,935684.5172
31/03/2013,295923.378,72639.958,44669.203,46144.442,-13280.289,170032.38,585553.3266
30/09/2012,32897.1,2790.95348,965.4,839.3,6375.3,12618.7,31323.4
30/06/2016,308362.3,111565.8501,37737.835,87700.063,28094.537,283132.946,1057682.689
30/09/2017,45230.179,3548.04,719.68,1906.846,5821.504,15128.248,63752.86234
30/06/2020,125624.209,50962.994,79533.179,48770.138,1620.009,267093.624,365253.7745
31/03/2016,44253.6,5030.57874,918.751,304.51,9016.079,17810.32,99128.064
30/09/2019,60049.856,12043.194,4756.826,5040.705,5976.235,32769.374,185037.3512
31/03/2013,28259.637,3984.188242,296.07,2027.607,7743.685,29259.762,68427.654
31/03/2012,62165.7,17453.1,5130.6,11145.2,2638.0,56716.4,206142.3
30/06/2017,174314.972,92796.117,39290.886,5624.626,80799.906,446683.639,2000268.86
31/12/2012,249215.8,16736.08466,6596.5,8904.1,36005.4,59912.2,149316.7
31/12/2011,90709.2,11973.8499,4462.7,4657.5,25928.9,43849.3,147083.3
31/03/2012,191802.5,42868.8,3684.3,2679.8,10973.0,33463.9,441380.8
30/09/2020,16051.283,1784.614,660.973,622.057,1199.264,13672.18,45045.48273
31/12/2017,81365.0,10432.58,2046.5,4878.5,27952.45,31957.346,235908.9522
31/03/2009,95462.5,12738.53199,4601.2,7353.2,-74.1,27830.1,166360.3
30/06/2012,449785.6,45205.83259,9746.0,10009.3,34802.6,121734.8,330919.8
31/12/2018,30317.69832,4335.43086,825.37,582.51,218.2874279,4163.746,47598.78637
31/12/2014,51609.669,5303.221111,178.135,1699.46,8943.589,14239.485,70274.2689
30/09/2019,68615.937,8855.147,2044.046,3048.426,13539.518,30362.358,175690.2006
31/12/2011,83961.8,9321.13841,3996.7,3868.0,17898.2,37116.2,131012.3
30/06/2010,394642.4,26596.77992,7325.6,6628.2,17151.10648,117067.0,231273.5
31/03/2020,98409.885,20063.709,2630.337,2901.396,16568.752,62115.242,350750.8289
31/12/2016,120737.598,21555.60419,2398.358,5942.514,-3668.53,47621.677,446729.1126
30/09/2015,173587.001,8266.889495,314.186,5776.147,20987.54,51786.464,129125.1131
30/09/2020,105793.875,18904.896,7362.246,4045.728,24406.188,79554.894,775879.0112
31/12/2013,407442.598,36848.69783,469.169,9773.23,109229.335,125205.451,621452.144
30/09/2010,216015.3,104411.9548,7162.1,27259.4,180109.6247,297727.9,1658381.231
30/06/2015,349080.57,119894.3058,18615.73,70646.93,8472.245,163692.828,731601.6011
30/06/2014,274159.927,126433.1622,70878.848,170148.857,-7666.482,329933.394,734942.6527
31/12/2011,50663.7,5557.32717,1398.1,1443.4,13889.3,22466.6,60197.2
31/12/2018,23841.22788,5543.085482,703.46,1761.95,3547.574708,23016.615,92265.55189
31/12/2017,225810.314,56565.077,17214.454,9808.292,50994.206,220470.575,1146933.365
31/12/2015,144337.147,20632.23461,868.136,9364.314,29838.336,66093.992,315545.0924
30/06/2020,129247.76,15754.6,6109.899,6900.598,9345.396,39510.848,221916.1807
31/12/2019,76827.281,8581.314,2066.91,1932.692,18228.077,26963.622,145307.622
30/06/2012,83856.9,8723.7,5036.7,3843.6,17139.7,39003.2,99297.2
31/03/2012,810568.9,42440.435,16581.0,24855.6,30516.8,142837.8,495182.0
31/03/2019,101287.277,21042.263,2543.329,3207.453,18366.98,72336.962,354734.2664
31/03/2009,37418.3,933.4,6223.7,9446.4,7881.9,40020.4,65435.2
30/06/2016,11736.088,4376.554567,2504.651,2200.113,3930.092,21098.67,37790.20336
31/03/2012,95386.7,6469.6,1587.6,2423.9,15355.2,18242.2,88863.0
30/09/2011,267896.6,116507.1661,7831.8,24460.7,331683.2,332044.3,1785693.7
31/03/2011,199977.6,11659.8,10248.7,6808.6,44142.3,130442.0,155022.1
31/12/2010,143242.2,3528.88772,5718.0,3994.7,23716.45061,39232.4,141028.837
31/03/2019,123392.9,43535.799,15134.1,34020.2,5162.29,117906.0,525703.5797
30/06/2010,3208.1,-2077.48832,10.9,30.9,4356.5,12643.4,23027.3
30/06/2018,899340.0999,43707.92886,19506.38,21089.1,18616.34007,121331.55,629538.0699
30/06/2019,21760.5,4522.9,62.9,52.3,-886.8,17174.4,24457.29983
31/03/2011,50365.6,5841.8,6920.1,11396.8,8715.8,45861.3,69810.1
30/06/2011,36783.7,5545.0,1336.1,2059.6,15169.3,26269.5,61340.7
30/09/2011,62208.8,7841.7222,5058.6,5536.8,9555.7,42810.6,160794.6
31/12/2019,187459.404,49634.32,10023.75,20189.779,2177.967,49774.806,251062.1334
31/12/2016,18078.065,3112.581549,5596.907,1461.86,1341.797,9470.557,41037.20755
30/06/2016,28659.166,3864.936544,990.593,537.876,3901.357,10060.883,46141.25726
30/09/2016,165969.6,26166.4577,2411.46,1525.979,-42492.552,120161.8,237336.528
31/12/2010,254321.7,61272.65692,11064.0,6438.5,71192.15933,185488.6,856206.358
30/06/2013,171386.697,30508.36663,358.072,1114.627,-39271.992,123420.002,233048.9466
30/09/2012,108704.8,12159.42228,3786.3,2890.9,24276.1,47092.5,194807.5
30/06/2020,159555.562,15300.853,2130.607,5874.578,24790.353,45229.382,238371.6382
30/09/2011,88324.4,4172.90503,1358.5,1144.2,12483.8,25999.7,40724.5
30/09/2010,141063.4,6117.88652,3634.4,2693.7,33805.24569,44908.3,98874.721
31/03/2015,95354.9,8976.317509,9634.976,2507.76,18775.819,31324.606,58902.38164
31/12/2019,241218.171,33820.233,9969.787,12363.725,39382.476,201801.546,504336.7095
30/06/2018,45214.69761,5905.039507,2088.42,1403.58,6429.53,19653.995,40693.22785
30/06/2015,141635.854,23512.32429,972.914,6048.668,319.943,26716.297,510656.0477
30/06/2018,21591.92445,2260.67449,920.56,966.76,2757.288752,7853.079,12739.23542
31/12/2010,118429.2,21586.43476,4663.9,4893.0,18441.88903,61790.9,332837.2
30/06/2016,833935.954,43251.90881,18563.18,19123.107,26848.306,128464.305,550397.7296
31/12/2014,316283.119,-4009.999165,14.865,18765.321,-2035.17,53789.369,306698.7893
31/12/2011,64462.2,10824.4,7819.6,16469.0,3345.7,57488.6,141032.0
30/06/2017,140454.91,18069.315,4375.063,3755.496,32281.79,60839.913,372812.0412
30/09/2011,7785.6,942.65848,489.1,285.3,2378.0,6610.3,29739.1
31/03/2018,10989.84694,1642.982118,807.77,528.37,1133.05322,3761.772,73522.07604
30/09/2014,148753.518,24918.77337,2281.295,7463.871,39354.396,125690.024,549790.2216
30/09/2016,88445.916,8121.761335,2059.8,3932.47,15798.428,55660.78,148589.1389
30/06/2009,54136.2,5246.18612,1628.1,3240.8,12811.3,21951.4,53185.0
31/12/2020,58827.968,3323.242,1483.289,1480.826,14684.793,28315.616,119176.272
30/09/2009,17041.6,-533.68627,1155.6,523.6,8573.0,22208.3,34218.3
30/06/2020,1735.932,201.014,216.614,587.211,-59.246,4247.2,10411.13461
30/09/2010,79396.0,4223.49315,1088.0,915.7,10139.8,22136.9,41438.7
30/06/2015,195012.944,81586.79503,127599.641,132645.74,11635.866,387584.233,598271.6107
31/12/2013,40084.31,12131.93619,2375.09,1092.267,8167.089,15984.737,166023.8179
31/12/2012,195896.7,58746.41742,8533.1,5763.8,106712.7,186435.7,652548.9
30/09/2013,43903.358,9199.519094,3201.968,3069.508,5019.799,23332.365,95671.73375
30/09/2012,6809.6,1125.96408,580.6,267.6,3096.5,6270.9,24516.6
31/03/2011,219564.6,23870.29489,8589.2,5237.5,103423.4,146971.3,274505.9
31/12/2018,498422.8548,82887.72076,22158.41,19746.36,-43512.31523,188717.725,1036719.538
30/06/2017,39589.235,10516.895,3569.907,3212.226,6057.485,22161.349,100517.3144
31/03/2018,192817.7569,37310.23596,6791.15,13677.97,15406.13878,28706.2,223668.598
31/03/2012,32677.3,3616.47504,820.7,935.2,5883.4,6601.6,44816.6
30/09/2010,33967.8,5467.49669,2303.9,1540.4,1995.496025,23462.6,88190.3
31/12/2010,475697.5,59452.77274,15767.4,12727.9,78736.4727,161842.6,708231.8
30/06/2019,167159.986,10565.099,1827.973,3575.55,21309.372,17147.5,198814.764
30/06/2011,7465.4,-192.95046,12.7,70.4,6876.0,18505.7,25571.9
30/09/2011,86986.7,11476.89554,3223.6,2776.9,27800.9,57724.4,134095.8
30/06/2015,15242.65,2353.712097,-5.69,89.9,256.7,14183.2,16629.76479
30/06/2018,38207.39246,3943.002902,1686.34,1796.45,7221.197174,13698.174,72594.04567
31/12/2012,477314.7,120480.3553,42706.4,17013.1,172933.6,455121.8,1457836.6
30/09/2020,132088.705,17316.323,8375.014,6843.894,860.292,138269.142,899391.4171
30/09/2010,27121.5,1542.74084,1141.6,353.8,11905.7,4392.3,40197.6
30/06/2010,44063.5,5664.17197,2500.3,4059.6,4517.5,22409.5,65558.1
31/03/2019,53400.4,6705.0,946.84,345.678,11088.171,13937.6,189590.0254
30/09/2009,196964.0,106945.75,7286.7,23300.3,353371.3,227936.7,1656063.5
31/12/2016,388773.543,38022.65584,10406.626,11086.243,101055.126,114756.258,618149.9334
30/09/2015,102604.313,36867.56227,9176.398,11048.641,4951.423,63632.494,338413.5647
31/03/2011,259375.3,41051.29118,44107.1,33715.3,-5054.0,133778.0,453583.1
31/03/2010,40269.7,1203.73371,2868.4,3631.2,5759.4,10954.3,40272.8
30/06/2017,36724.772,4569.288,1610.849,1782.337,7318.269,14826.589,74095.02868
30/06/2015,133349.018,13051.32876,1913.229,9704.304,23806.431,34200.975,156134.4405
30/06/2020,437179.44,15232.409,19774.947,18098.853,49868.0,180234.763,321002.3712
30/09/2011,92458.6,10213.54532,3750.1,2824.4,26882.5,49862.7,126794.5
30/06/2017,122475.289,25784.105,5752.365,7345.581,1189.932,12779.517,433711.7622
31/12/2011,18064.0,2599.10842,1120.4,1439.0,7249.7,18882.2,82128.6
30/06/2009,127273.4,12455.34808,5117.7,21166.6,3811.5,53231.8,191273.8
31/03/2013,64956.842,9056.915812,2170.1,10366.41,4586.472,12864.53,101212.1661
31/03/2017,14992.12,3100.541,822.829,334.0,3107.235,14655.52,95794.9147
31/03/2016,45043.5,21240.19153,4793.074,8939.0,1390.794,50681.161,206299.23
30/09/2018,132246.4365,5924.640353,2072.71,2122.5,22786.061,30909.906,76702.93314
30/09/2014,178625.6,31849.95469,663.786,1238.834,-39739.243,129490.986,246249.6113
30/09/2012,191400.2,21289.9,5584.2,7902.5,61937.1,49514.4,213904.2
30/06/2017,355735.0,116346.0,44751.0,34893.0,14993.0,339693.0,735011.9838
30/09/2020,4313.781,92.803,117.2,72.282,571.796,1351.08,5679.648668
31/03/2012,76409.6,8815.94626,4288.2,5707.3,6942.3,49602.5,129540.9
30/06/2019,286040.0,109299.742,40321.934,97636.549,15542.936,321072.22,1176841.795
31/12/2012,169970.3,32610.18853,24225.5,21408.6,58.8,61546.1,402678.7
30/06/2009,2586711.9,288078.5,86025.7,196355.5,117553.1,725692.9,1550334.8
30/09/2014,135846.021,39115.60353,4190.706,4189.046,20393.11,86433.79,538576.9736
31/03/2011,70692.9,8137.12512,4295.4,7503.9,7327.5,47594.2,113242.916
31/03/2017,172933.92,32794.427,6453.77,11533.578,14637.638,26504.97,266999.576
30/09/2015,88766.506,9059.224721,722.129,4328.076,18703.162,57761.632,129390.9223
31/03/2016,63384.78,24990.9629,407.909,1542.289,8565.634,8840.551,410099.5266
31/03/2016,77418.15,6326.083783,5408.875,2333.103,16703.55,25756.676,82837.4205
30/09/2009,165324.4,7833.29765,3967.1,4087.8,33914.9,49960.2,89879.8
31/03/2010,13270.5,99.98037,1030.6,604.3,9096.3,14624.7,36664.8
31/12/2015,120711.661,23475.01717,763.075,5652.322,24538.61,95441.954,1004405.993
30/06/2013,132266.095,11223.45332,540.893,2754.392,11980.373,12631.105,113016.1433
30/06/2012,65300.7,6575.82094,3286.0,2676.5,10943.3,19801.8,86387.6
31/12/2012,107230.3,16110.39788,4878.9,6223.3,28416.3,51850.6,178980.1
30/06/2020,13471.66,1172.3,760.989,518.798,2074.662,6516.4,12713.08242
30/09/2014,102798.727,4421.993098,393.141,1761.689,16103.53,30334.336,55805.51748
31/12/2019,129248.446,18730.572,6563.896,4491.773,18951.652,48313.908,309089.6849
30/06/2013,12503.096,4166.099053,2834.627,4026.334,3161.765,26453.809,29989.41995
30/06/2020,240881.55,61024.81,20571.536,32473.932,16796.206,180275.952,584105.2901
31/03/2009,5972.8,1521.2,709.5,2291.0,195.3,8433.3,23343.7
31/12/2009,107556.0,9496.32909,5072.2,5388.2,17303.7,32548.4,121607.0
31/03/2009,132691.8,18087.72228,17164.6,13203.6,58626.7,117187.3,330966.9
30/09/2014,65629.457,11319.87617,1252.891,2220.335,15313.142,42449.747,240958.7867
30/06/2013,138877.819,18871.24812,570.455,4198.309,34402.962,68238.797,260381.6626
30/06/2020,239937.3,34346.8,4503.6,4962.89,10699.95,6418.0,494805.3525
30/06/2012,57859.8,22626.67606,6708.7,19878.4,22573.7,124927.6,210409.0
30/06/2019,216111.25,27389.652,3712.808,5223.21,16716.79,14696.997,438601.5291
30/06/2013,315271.836,112759.8288,27252.846,73635.673,33694.915,263179.149,864033.7564
31/12/2012,56211.3,5828.54441,1468.1,1730.1,14423.9,23428.8,85588.7
30/09/2016,156756.602,6945.223524,2856.436,5999.976,15680.134,43071.595,148918.7719
31/03/2012,142443.6,11895.5,3418.3,3543.6,11186.2,39527.8,187222.6
30/06/2020,157857.168,20220.735,5987.386,3847.313,36791.831,82184.384,483599.2076
30/06/2020,22772.0,4005.1,290.2,66.5,-1731.3,20352.4,18388.32328
30/09/2012,172102.7,32909.22178,9278.1,9128.8,31202.5,133907.1,402010.6
31/03/2018,6116.976378,3190.003181,898.0,2833.28,477.7358551,9910.5,44959.77638
30/09/2015,144945.628,40086.69358,5488.52,5005.665,2341.814,85335.993,671907.5855
31/03/2019,6253.25,856.527,449.111,811.647,1048.188,5838.88,12376.26225
30/06/2013,43303.437,3062.44078,1868.175,1775.886,6307.559,10964.519,50982.87868
31/03/2020,79087.1,4347.08,2316.265,5503.07,17154.866,35499.0,73931.79242
31/03/2009,152579.7,34771.11885,2550.0,2527.9,17153.1,38258.0,310343.9
30/09/2018,161322.0726,50106.63574,9544.8,5441.28,6888.452498,97839.446,1026008.381
30/06/2018,307566.8612,52163.33966,18206.18,16982.64,-3629.288962,117338.039,1021121.979
30/06/2015,148037.26,10974.9707,794.989,3146.14,16481.529,14981.856,147924.1362
31/12/2019,181038.107,21788.227,6159.806,9352.21,27308.177,59525.607,304489.3391
31/03/2017,328287.148,107715.401,50165.447,47727.786,-9488.748,168306.307,843078.1806
30/06/2019,567.143,159.378,51.228,18.122,1960.453,1961.678,3728.564131
30/06/2015,327858.229,115783.433,31918.526,74931.855,35470.203,302973.745,913412.3235
31/12/2017,452051.902,50148.817,19429.916,21887.18,65153.713,402569.523,1185740.889
31/03/2015,11692.56,2415.115471,37.198,271.904,3079.781,12433.423,53557.12479
30/06/2012,69333.0,13371.14804,6354.9,13781.7,2459.3,43995.4,237015.7
30/09/2009,85.6,3.54514,2.6,1.0,20.9,236.5,369.2
31/12/2011,165717.2,33887.92012,7786.6,6793.1,28686.0,115654.1,501573.8
30/06/2009,81347.4,6813.81105,3894.4,3466.7,7934.8,16318.3,76554.2
31/12/2013,109787.652,13280.02754,2286.182,3283.95,14926.752,38213.908,184982.3586
30/06/2018,123265.6969,25725.55093,6043.88,8411.75,998.4521445,3589.14,431429.939
30/06/2012,43045.5,6311.71724,1696.9,2432.8,15685.7,26692.3,55236.0
31/12/2020,168855.972,23916.073,10229.185,10758.909,35946.651,148941.115,552747.8256
30/09/2014,975187.89,55651.94952,6817.345,7520.477,-23966.494,171471.697,597173.7182
30/09/2014,160425.6,34806.62666,336.495,2724.142,-17878.455,183801.332,250085.3859
30/06/2015,148692.2,19003.0727,3163.0,2732.6,10523.63,21672.7,281714.3859
30/06/2015,11085.226,4042.189376,1736.845,3287.036,1671.043,19853.409,21848.44741
30/06/2010,46227.2,11359.7,4747.7,7735.0,4079.85,57569.7,177150.5
30/06/2015,36476.529,5209.255611,1043.136,1949.391,7611.736,14885.872,71121.39359
30/09/2009,70599.2,9998.7,6854.3,15039.4,5166.1,50994.3,125241.3
31/12/2010,226230.8,11759.8032,12109.5,15564.5,6978.765851,38244.0,244117.1
30/06/2019,178918.2,87560.768,42671.375,6609.816,159685.342,494698.76,2412700.042
30/09/2015,214155.0,36869.18295,317.49,292.95,18213.252,189990.28,276169.179
30/06/2017,22640.9,1806.55,492.74,654.65,1859.513,5859.5,23129.50504
30/09/2009,78732.7,4213.9,917.4,1099.7,8368.7,18095.3,32001.7
30/06/2019,19922.5,1759.566,575.22,651.42,1902.344,5373.3,23979.21877
30/06/2015,547615.323,47535.75674,11478.991,24629.877,56195.241,183075.179,342319.0968
30/09/2015,9802.12,808.0764236,10.58,292.012,1843.876,3032.586,11658.32791
30/06/2018,211356.3573,27032.47809,4282.47,4875.97,14562.45301,16041.25,346624.4259
31/03/2009,213962.5,26685.7,9752.6,10552.5,49127.8,96049.2,181664.8
31/12/2013,140820.1,40014.23706,6265.163,11472.279,4878.546,9301.528,148870.0518
31/12/2009,128353.5,17257.5048,6030.6,7711.5,28866.6,48445.0,207369.6
30/06/2013,61740.665,15234.24936,4553.281,9610.21,7171.128,47915.589,128784.5379
31/12/2014,158885.876,15511.71081,209.954,8494.796,27283.11,50041.571,239663.1516
30/09/2019,169224.38,6949.046,4231.239,6007.835,19471.143,45656.02,182370.5297
30/09/2016,1158134.994,69538.6575,9281.902,8531.479,-56974.1,161547.309,636974.2467
30/09/2013,162079.043,13630.54318,90.781,2649.849,25775.886,35116.732,65764.41715
31/12/2009,102917.2,13478.63267,8031.2,19574.6,10667.4,60929.5,179305.0
31/03/2009,18067.8,1915.24697,1060.8,1053.5,8915.3,14955.0,32913.6
31/12/2020,31929.256,4563.227,1387.115,558.761,-183.461,3751.887,58365.87683
30/09/2015,64334.115,10534.76462,1215.213,2153.488,15502.092,49609.939,258483.1929
31/12/2020,9006.85,1237.228,1945.369,1016.597,697.628,6873.29,9753.832386
31/12/2016,277696.715,21984.58953,7072.049,5524.77,32981.087,54495.422,361005.7295
30/06/2011,83251.7,12101.61045,6493.3,11761.0,25020.4,52588.2,123076.2
30/06/2012,140622.8,9799.25127,14045.8,24889.6,27334.5,106740.8,212621.8
30/06/2010,49101.0,8275.50783,4463.7,12020.7,3958.75,34729.2,134554.4
31/03/2010,753798.3,38216.65024,15537.5,19761.9,33235.10657,146438.5,440105.6
31/12/2016,29430.82,2997.049178,685.658,693.995,-1051.585,1276.427,50326.7022
31/03/2015,149146.617,30379.00616,2373.033,18686.866,19760.739,204796.55,1050500.043
30/06/2019,61956.55,20793.753,7629.462,18596.978,2320.631,67700.86,274839.4207
31/12/2009,15041.0,2377.91334,595.7,641.3,1883.8,7071.5,35623.4
30/06/2011,67338.8,19490.3,16680.5,49554.9,5136.1,110456.9,226680.7
31/03/2012,232507.4,19048.25504,11048.8,14537.9,54512.0,134431.4,169393.0
31/12/2019,88761.608,5542.894,1958.313,3824.064,11201.639,21518.31,66978.84025
30/06/2011,45181.9,4852.71026,2391.2,1158.8,20518.7,34435.2,74259.3
30/09/2020,144406.837,2674.059,826.829,1466.426,7771.412,10478.572,78501.88941
31/12/2009,134672.4,16654.3595,5165.9,7497.2,23979.8,42518.2,165873.5
30/06/2016,138286.618,12752.72664,1517.174,7198.675,24240.464,34863.751,190835.5328
30/09/2018,46910.16461,3396.295918,773.94,2002.99,6928.631313,16301.373,45971.96132
30/09/2018,120378.4242,40013.78821,5847.31,6934.42,14288.91895,6788.21,174548.7151
30/06/2009,50269.3,4326.57941,2673.4,1468.4,17418.9,35068.3,76188.5
31/03/2019,46758.995,9255.637,2228.126,2027.98,13562.345,26928.59,186969.2406
30/06/2020,319821.0,77673.0,57341.0,35511.0,17227.0,372074.0,491060.2636
31/03/2011,46157.3,2937.91581,2878.3,4516.5,5163.5,10774.7,58913.3
30/06/2018,160631.5321,10167.97598,1659.38,3091.19,20785.72025,15110.369,150993.6401
30/09/2013,38825.373,3182.948868,50.057,1136.88,5686.079,12438.491,45802.49675
31/12/2018,86646.90487,6047.95396,1522.89,3796.19,9747.776798,20844.668,58053.42627
30/06/2020,57647.31,3991.97,1673.149,702.062,8075.118,18689.295,90048.26342
30/06/2009,93088.4,5918.76124,2579.9,1921.0,12751.5,16928.1,61423.7
31/03/2009,31507.8,2988.98651,605.3,839.4,10247.5,13284.8,37062.7
30/06/2016,25101.2,1818.842425,698.88,706.32,2358.105,4800.9,29619.416
31/03/2014,101568.06,9654.962163,1545.733,3561.11,21176.22,31464.526,76056.02956
31/12/2017,366759.359,72818.591,13667.532,17195.091,-9611.713,184181.994,1112490.11
30/06/2009,109625.3,28743.6,15287.4,51843.3,8585.2,100240.9,269413.5
30/09/2014,22634.707,632.1227761,804.703,1119.569,2278.661,11976.002,32166.21543
30/09/2012,5131.2,737.4,232.4,216.1,500.4,3111.2,9436.8
30/09/2016,169890.137,27929.16955,6190.881,7138.625,25983.8,76228.613,531756.1288
31/12/2013,152993.461,51903.40925,18091.265,17397.62,860.134,51330.412,417622.5367
30/06/2019,349498.282,26333.437,21924.027,18400.396,-3455.516,71354.115,1194667.464
30/06/2019,40053.945,7702.043,3254.617,4267.704,6496.227,24664.437,81669.87018
30/09/2018,166213.9815,36301.13355,6920.97,7381.06,16122.7562,102547.689,573438.2361
31/12/2016,15249.372,3589.548722,410.876,1413.492,3661.977,15710.206,82194.11508
30/06/2018,208221.1026,105380.7,59623.66,96244.43,-6704.719502,230884.948,566361.399
30/06/2010,22435.3,3335.11572,3137.6,6160.3,5851.736959,28040.0,67111.0
30/09/2016,67414.005,11316.44935,3772.207,2631.713,15468.73,50287.905,256173.219
30/06/2018,48086.21274,14897.10871,3560.94,3639.63,6650.323222,24010.355,67801.55996
30/06/2009,137984.6,39102.23419,9152.7,21697.6,25137.5,97510.5,399974.4
31/12/2012,87532.3,9770.53897,3929.0,4668.7,19604.9,35979.1,148795.3
31/03/2018,49869.66939,5904.568856,999.34,209.29,9704.637664,16855.2,137640.2875
30/06/2009,275158.0,14688.51346,3764.8,5687.6,19643.0,63446.4,182143.4
30/06/2014,1323.62,369.3954628,57.79,128.782,350.61,3344.534,8898.74005
30/09/2019,137818.322,25169.436,6970.352,7275.308,3436.217,91525.868,650336.85
31/03/2015,5225.1,698.1605188,384.6,646.356,544.517,4612.952,7881.972676
31/12/2014,29976.662,2313.250648,811.494,820.731,351.793,6664.729,58327.52957
30/06/2012,2415158.8,289541.3,93221.2,205525.7,174485.5,1009025.8,1681496.9
31/03/2016,106281.6,40406.04865,12358.5,35084.0,5614.8,104486.4,395367.552
31/12/2009,19001.3,1547.83398,860.2,1012.9,4534.5,12861.8,48903.9
31/12/2011,466020.1,65640.98777,20872.6,18626.4,497934.5,268303.0,983973.3
31/03/2020,71647.46,22465.4,13723.94,10986.221,7875.757,36951.51,262958.4685
30/06/2014,127751.309,21335.31064,3446.25,8768.88,992.989,37209.661,380721.6708
30/09/2009,40108.0,-6608.87838,419.5,135.4,40160.3,18669.5,39055.1
31/03/2012,611397.5,123064.6083,93203.0,94935.2,44341.9,481429.4,1165543.8
30/09/2011,29746.6,1913.02791,916.1,603.0,6452.8,10935.9,27376.6
30/09/2016,153845.026,27486.64747,8052.919,6990.921,34418.552,128620.983,583072.6485
31/03/2020,407056.578,12970.749,7954.609,7265.39,19332.924,66656.11,447983.4604
31/03/2009,74577.5,17794.3,5807.7,11029.7,2190.5,61524.7,189166.1
31/12/2019,253700.806,64032.129,18829.274,13083.754,52439.731,216816.356,1379219.854
30/09/2016,46443.677,9272.292379,3742.53,3564.161,4938.645,21877.41,113787.0087
30/06/2019,426039.1,109048.7,41520.0,44636.7,18423.124,366896.7,684488.9208
31/03/2015,135898.5,51767.70563,15257.8,37483.1,9090.95,121006.6,402268.8911
31/03/2017,52442.169,20660.866,359.583,1724.472,9466.047,-8061.155,347728.5977
31/12/2016,219571.89,55574.23734,16182.835,9690.583,43937.489,223948.793,1012226.413
30/06/2019,188204.444,94257.285,61704.788,85743.545,3723.801,251812.006,510323.508
31/03/2011,85875.2,5906.5,1450.4,2036.9,13631.4,18284.8,79144.6
31/12/2015,209040.017,49621.84575,3988.634,8668.121,52839.155,240750.297,994168.7396
30/09/2017,131373.958,42655.474,6412.051,6701.074,16195.032,9824.1,173896.8858
30/09/2011,24784.9,3669.57789,3241.8,10271.8,6316.5,31364.5,66560.3
30/06/2017,23322.727,2104.528,1098.463,1009.105,3262.139,8559.999,22629.83621
30/09/2010,93685.2,15551.13265,5394.7,3567.2,40286.13737,90920.9,416099.9
30/06/2010,31950.4,9183.79763,4517.7,10357.2,10343.13381,79354.2,250271.7
30/06/2017,158952.39,6963.41,3206.601,4169.075,1041.807,10557.72,64387.54201
31/03/2014,572177.069,25188.06495,2790.336,14399.733,59271.168,125590.439,694538.7065
31/12/2016,46434.519,13423.5141,2877.426,1257.29,10231.018,13459.378,140232.2474
31/12/2009,48066.6,4656.07187,1345.4,1773.6,12894.2,18251.1,48472.8
31/12/2009,132806.1,39540.0,15729.1,36080.4,6143.3,98205.8,248673.3
31/12/2010,437558.9,59733.29137,20705.8,16049.3,507620.426,242752.5,998476.6
31/12/2010,101693.8,8063.9025,5816.1,6688.8,25711.43736,52812.2,220392.3
30/09/2013,106821.347,31475.26208,3555.223,3014.051,15126.539,74471.06,469933.7361
31/12/2020,126792.203,25698.694,4830.797,6867.663,-12101.684,61972.67,643479.1684
30/09/2016,131563.7,15613.03444,6666.484,2277.411,49894.929,167045.5,234183.386
31/12/2013,31050.852,4445.351584,3865.472,3863.36,2205.341,22907.087,50770.72692
31/12/2020,98774.045,7652.785,3260.83,6251.785,15588.209,39010.402,149880.929
30/09/2020,107768.337,8213.444,2666.237,4520.525,22108.782,56362.758,274126.8744
30/09/2014,82944.122,8569.78842,523.907,3694.173,17595.551,59184.768,137674.3595
30/09/2017,114174.376,5135.684,1768.098,1846.922,17200.857,29426.313,79328.36665
30/06/2015,132204.007,69199.2516,29031.346,6048.006,73059.641,352151.074,1589289.457
30/06/2015,1583.5,425.9260642,254.8,141.861,1476.893,3748.834,9098.936892
31/03/2011,42421.3,-4867.82394,2973.0,2542.9,10715.4,25667.7,81236.4
30/09/2019,2323.163,1024.755,908.188,888.81,71.867,4563.402,23087.96417
30/06/2010,63867.0,6814.7,2850.5,5704.9,1787.4,32883.7,146602.7
31/03/2013,128732.86,25382.97606,4584.701,6550.61,10696.138,29329.582,190266.2177
30/09/2011,38766.7,742.07079,368.1,256.2,4296.5,7150.1,11074.2
31/03/2016,33902.612,6595.997736,1741.062,1490.505,8870.465,25013.055,96961.47032
31/03/2014,51801.84,24416.29114,4363.864,9479.902,1466.355,46362.634,229499.3496
31/03/2010,33665.4,5413.13834,2489.8,2209.5,9131.661306,24082.6,103671.0
31/12/2018,465846.5954,51895.31073,21376.51,23764.3,27857.62641,438979.923,1043496.374
30/09/2018,125016.5344,4038.034061,1526.77,1437.23,9138.708664,9292.041,66258.76323
31/12/2020,501424.101,78089.538,19020.414,13618.161,-45544.932,123867.704,2577640.673
30/09/2009,98345.5,12090.38623,3220.5,4432.0,22238.8,44939.0,138000.0
30/09/2011,140085.0,-29982.97988,3589.9,4575.2,25868.6,41201.6,119481.6
31/03/2014,5506.075,2735.809775,729.822,1690.858,360.81,8214.231,28596.58822
30/09/2012,602294.2,58608.12381,14107.6,21120.5,72648.1,211154.7,734462.4
31/03/2018,230699.2288,73408.4946,14300.35,32388.11,38918.9599,215249.575,855894.1388
30/09/2010,182734.6,32350.51988,18303.3,39523.6,22497.08769,150310.3,408085.8
31/12/2011,549996.2,77830.21724,16679.2,17277.1,80803.2,197560.5,766875.3
31/12/2011,178253.2,34897.3,28023.7,23910.4,8462.2,107934.3,393196.9
30/09/2020,46075.224,3255.58,979.65,1263.48,4886.013,15952.21,60397.47226
31/12/2016,160962.9,46309.95174,8227.798,18788.62,1068.707,42075.24,246273.237
30/09/2016,100726.001,36228.97689,9594.343,12286.928,133.29,63718.974,361606.3436
31/03/2010,74150.1,4606.3,1226.4,1645.4,11815.4,16044.9,65970.0
31/03/2010,29683.9,2994.59053,775.6,830.7,6010.9,5322.6,44340.3
31/12/2013,354827.568,68326.70322,1456.635,14135.807,31362.844,190416.444,710579.1898
30/09/2016,2641.95,1097.392466,722.701,1589.222,-402.921,4223.721,20395.854
30/09/2018,186811.8204,35718.42005,2914.45,1249.23,-85578.49491,126759.508,250327.8393
30/06/2017,679.711,100.479,33.817,13.273,1342.321,1465.841,4214.428769
30/09/2012,99787.2,4821.92206,1472.5,1489.9,13786.6,28099.9,50244.1
31/03/2020,17806.5,1248.168,1404.127,1406.533,1883.213,8881.071,279037.0013
30/09/2013,60288.898,2599.792271,0.477,760.17,4876.079,6868.606,32397.98903
30/06/2014,125953.636,66997.83454,25845.2,5925.337,51951.875,309273.508,1520017.53
30/09/2017,3437.966,-136.333,96.107,108.029,679.186,1234.889,8664.260821
31/12/2018,338905.0266,-1152.27709,22605.93,37127.24,-22537.18427,84207.2,399907.9314
31/03/2011,33312.5,3778.75644,575.0,712.1,11508.1,14864.1,50658.4
31/12/2013,120118.243,13447.00967,461.049,5834.2,26028.914,38209.939,181246.9031
30/09/2013,106569.782,39863.27265,8582.008,7855.052,8496.945,68031.641,366654.225
30/06/2016,22825.366,2134.55825,1164.423,1357.223,3423.159,6336.079,20999.33672
31/03/2015,61727.152,23930.93597,110.67,1416.279,8736.648,659.066,376592.4455
30/06/2015,958.5,317.4701365,16.24,90.2,165.738,3075.294,5348.479417
30/09/2014,245792.934,32779.32194,661.692,8249.101,26449.612,92948.427,446135.712
30/09/2018,176236.1536,9516.752297,4123.88,5508.7,21412.69267,45473.225,163899.6229
30/09/2018,176620.5531,28435.90904,6656.75,7289.1,20699.92882,89675.994,536926.4813
30/09/2012,422582.2,14425.6,22994.6,21339.2,75233.9,174628.9,166224.3
31/03/2019,48780.5,24979.63,5053.07,7949.3,1273.796,54607.65,308495.4859
31/03/2009,61970.7,8111.4239,3746.9,7994.7,6629.1,41314.4,96126.2
31/12/2016,81733.718,5816.251406,1642.874,3420.661,9809.226,19100.621,67838.98594
31/12/2020,422874.7,70421.7,20657.15,21471.0,6273.31,484944.8,1182927.09
31/03/2013,90773.3,8917.107606,1257.632,4766.48,18263.791,33193.915,76030.12652
30/09/2015,45830.123,9403.291063,3567.095,3376.243,5060.316,23950.132,102651.7411
31/12/2019,121142.959,24798.305,3985.946,5696.487,-9318.062,55683.661,591350.1859
31/03/2014,22092.31,1870.164876,0.08,1225.427,2878.305,1333.138,16448.77807
30/09/2015,186248.542,29928.45756,222.808,7558.493,26306.254,92289.187,522264.8579
30/06/2019,147718.122,6480.189,3240.087,4118.14,-182.095,11717.431,71871.9289
31/12/2012,288446.9,24178.67976,13364.4,21380.1,8718.3,44798.5,225413.5
31/12/2018,324566.4017,29697.82575,9505.76,6150.43,39532.18772,79518.837,327812.0657
31/12/2020,88884.04,9512.904,2278.791,2171.758,13735.624,21900.491,177351.6673
31/12/2012,158899.8,32592.6,16664.8,36970.4,16030.3,149727.9,441157.2
30/09/2013,41476.7,3729.226643,14.7,181.428,31254.027,17929.953,69779.00448
31/12/2020,23391.95,5565.44,464.422,1492.225,3568.375,27670.486,123966.3864
31/12/2017,63855.914,6382.212,1453.314,1853.894,9960.81,16904.817,113543.7216
30/09/2010,62221.9,10064.5,7580.8,15229.2,3671.3,54121.8,132830.5
30/09/2018,129947.2181,24079.21951,7295.4,1902.64,-34319.0603,140151.1,211813.9655
30/09/2016,135013.189,44036.58046,6569.936,7313.567,15166.937,14158.214,179567.5414
30/06/2018,66766.14838,18641.10863,6936.06,15956.8,2804.178232,59275.13,229007.8889
30/09/2011,156619.0,27216.24908,5008.3,5867.4,14507.2,88906.0,345397.9
30/06/2016,109961.389,13092.53937,4346.546,5891.924,12487.246,28233.656,171539.7668
31/12/2017,131502.378,19736.106,7479.979,5179.413,19528.006,122887.038,1012288.486
30/09/2018,166744.9789,29347.11629,10790.33,8861.5,37684.36523,157000.266,833724.8945
30/06/2011,36685.6,4695.35835,1916.3,3526.5,2851.4,17883.2,53316.2
31/03/2014,70400.933,9876.878555,2365.142,12073.53,4049.021,13735.802,115079.7035
31/03/2018,51168.54371,25041.88529,5184.89,7746.7,1483.887768,49965.031,264541.371
31/12/2017,139773.371,18762.686,6802.738,7048.507,30031.522,61916.021,390045.8939
31/03/2013,128120.982,22502.68919,1525.382,4374.601,21832.492,122460.002,364147.4228
30/09/2014,45962.868,9732.289581,3306.398,3161.391,6674.828,24944.476,101882.0742
31/12/2015,166485.3,47402.99719,7535.106,17414.637,5799.365,40964.299,246721.4027
30/06/2017,449565.216,36853.256,18601.308,15906.525,43923.874,166611.249,456346.1837
31/12/2011,125894.7,15222.4,6333.2,8031.3,32695.7,63031.0,191775.8
30/09/2013,140385.977,40879.42232,2538.576,5275.759,15189.309,110620.878,421191.9187
30/09/2019,125007.799,40986.042,5949.14,7956.076,15344.14,5057.1,203427.7255
30/09/2017,94846.803,9269.956,2334.373,4455.789,17619.02,55955.759,200964.4357
31/03/2014,139439.0,27463.78916,4850.063,6606.207,11552.037,28473.925,209241.3329
31/12/2015,159128.049,15794.39894,332.925,8881.176,26482.776,56310.203,199085.6781
31/03/2017,45928.0,5424.38,967.319,240.37,9273.39,17117.54,122894.6791
30/06/2011,432403.9,48050.48823,9140.7,8400.1,33345.5,113099.3,295342.2
30/09/2009,33449.6,5124.98134,2022.3,1497.2,2177.8,24592.6,74243.856
30/09/2011,33608.6,5114.34669,2805.4,2706.0,2218.3,22443.3,69475.7
30/09/2020,121105.379,5819.326,2277.629,2053.489,21725.558,35782.825,108930.975
30/09/2010,17278.5,513.33831,1199.3,562.0,7697.772774,21190.3,47299.6
31/12/2016,58839.38,5868.509228,1459.003,1828.29,8645.925,15534.722,87670.6762
31/12/2013,308374.054,30025.11994,637.493,4774.4,33323.741,53558.539,348279.6798
31/12/2019,24202.9,2601.9,1322.85,1370.3,4839.8,10375.5,32719.3813
30/09/2011,164043.1,9833.32316,3416.6,3552.4,34111.2,46318.1,77078.472
30/06/2010,63048.0,5876.74675,3192.9,2340.4,10064.2,19504.8,73935.0
31/12/2019,30171.866,4658.982,1025.663,666.885,15.773,3811.896,58501.73701
30/09/2017,119576.8,3591.591,1525.635,1316.743,7680.474,9648.771,63291.07954
31/12/2019,342991.848,-4428.683,17253.7,32412.939,-18999.313,83806.33,432082.3183
30/06/2011,55019.3,15640.2609,4929.8,8653.0,4124.9,58128.3,189022.6
30/09/2012,129.0,34.7,5.6,1.7,15.7,460.2,631.3
31/03/2017,622045.081,40670.856,12413.254,12940.654,43566.142,119065.961,586127.4715
